DEBUG - 2025-05-13 00:00:25 --> Session: Class initialized using 'CodeIgniter\Session\Handlers\FileHandler' driver.
DEBUG - 2025-05-13 00:00:26 --> Fetched items: Array
(
    [0] => Array
        (
            [id] => 1
            [item_name] => RiceaX
            [item_quantity] => 180
            [item_description] => 10kg rice123
            [status] => active
            [created_at] => 2025-05-08 23:22:47
            [updated_at] => 2025-05-09 01:01:06
        )

)

CRITICAL - 2025-05-13 00:00:26 --> ErrorException: Undefined array key "fullname"
[Method: GET, Route: admin/retrieve-distributions]
in APPPATH\Controllers\AdminController.php on line 3204.
 1 APPPATH\Controllers\AdminController.php(3204): CodeIgniter\Debug\Exceptions->errorHandler(2, 'Undefined array key "fullname"', 'C:\\BarangayInformationSystem\\app\\Controllers\\AdminController.php', 3204)
 2 [internal function]: App\Controllers\AdminController->App\Controllers\{closure}([...])
 3 APPPATH\Controllers\AdminController.php(3200): array_map(Object(Closure), [...])
 4 SYSTEMPATH\CodeIgniter.php(933): App\Controllers\AdminController->retrieveDistributions()
 5 SYSTEMPATH\CodeIgniter.php(507): CodeIgniter\CodeIgniter->runController(Object(App\Controllers\AdminController))
 6 SYSTEMPATH\CodeIgniter.php(354): CodeIgniter\CodeIgniter->handleRequest(null, Object(Config\Cache), false)
 7 SYSTEMPATH\Boot.php(334): CodeIgniter\CodeIgniter->run()
 8 SYSTEMPATH\Boot.php(67): CodeIgniter\Boot::runCodeIgniter(Object(CodeIgniter\CodeIgniter))
 9 FCPATH\index.php(56): CodeIgniter\Boot::bootWeb(Object(Config\Paths))
10 SYSTEMPATH\rewrite.php(44): require_once('C:\\BarangayInformationSystem\\public\\index.php')
CRITICAL - 2025-05-13 00:00:32 --> TypeError: CodeIgniter\Database\BaseBuilder::decrement(): Argument #2 ($value) must be of type int, null given, called in C:\BarangayInformationSystem\system\Model.php on line 928
[Method: POST, Route: admin/create-distribution]
in SYSTEMPATH\Database\BaseBuilder.php on line 2992.
 1 SYSTEMPATH\Model.php(928): CodeIgniter\Database\BaseBuilder->decrement('item_quantity', null)
 2 APPPATH\Controllers\AdminController.php(3162): CodeIgniter\Model->__call('decrement', [...])
 3 SYSTEMPATH\CodeIgniter.php(933): App\Controllers\AdminController->createDistribution()
 4 SYSTEMPATH\CodeIgniter.php(507): CodeIgniter\CodeIgniter->runController(Object(App\Controllers\AdminController))
 5 SYSTEMPATH\CodeIgniter.php(354): CodeIgniter\CodeIgniter->handleRequest(null, Object(Config\Cache), false)
 6 SYSTEMPATH\Boot.php(334): CodeIgniter\CodeIgniter->run()
 7 SYSTEMPATH\Boot.php(67): CodeIgniter\Boot::runCodeIgniter(Object(CodeIgniter\CodeIgniter))
 8 FCPATH\index.php(56): CodeIgniter\Boot::bootWeb(Object(Config\Paths))
 9 SYSTEMPATH\rewrite.php(44): require_once('C:\\BarangayInformationSystem\\public\\index.php')
CRITICAL - 2025-05-13 00:00:36 --> TypeError: CodeIgniter\Database\BaseBuilder::decrement(): Argument #2 ($value) must be of type int, null given, called in C:\BarangayInformationSystem\system\Model.php on line 928
[Method: POST, Route: admin/create-distribution]
in SYSTEMPATH\Database\BaseBuilder.php on line 2992.
 1 SYSTEMPATH\Model.php(928): CodeIgniter\Database\BaseBuilder->decrement('item_quantity', null)
 2 APPPATH\Controllers\AdminController.php(3162): CodeIgniter\Model->__call('decrement', [...])
 3 SYSTEMPATH\CodeIgniter.php(933): App\Controllers\AdminController->createDistribution()
 4 SYSTEMPATH\CodeIgniter.php(507): CodeIgniter\CodeIgniter->runController(Object(App\Controllers\AdminController))
 5 SYSTEMPATH\CodeIgniter.php(354): CodeIgniter\CodeIgniter->handleRequest(null, Object(Config\Cache), false)
 6 SYSTEMPATH\Boot.php(334): CodeIgniter\CodeIgniter->run()
 7 SYSTEMPATH\Boot.php(67): CodeIgniter\Boot::runCodeIgniter(Object(CodeIgniter\CodeIgniter))
 8 FCPATH\index.php(56): CodeIgniter\Boot::bootWeb(Object(Config\Paths))
 9 SYSTEMPATH\rewrite.php(44): require_once('C:\\BarangayInformationSystem\\public\\index.php')
DEBUG - 2025-05-13 00:01:01 --> Session: Class initialized using 'CodeIgniter\Session\Handlers\FileHandler' driver.
DEBUG - 2025-05-13 00:01:02 --> Fetched items: Array
(
    [0] => Array
        (
            [id] => 1
            [item_name] => RiceaX
            [item_quantity] => 180
            [item_description] => 10kg rice123
            [status] => active
            [created_at] => 2025-05-08 23:22:47
            [updated_at] => 2025-05-09 01:01:06
        )

)

CRITICAL - 2025-05-13 00:01:02 --> ErrorException: Undefined array key "fullname"
[Method: GET, Route: admin/retrieve-distributions]
in APPPATH\Controllers\AdminController.php on line 3204.
 1 APPPATH\Controllers\AdminController.php(3204): CodeIgniter\Debug\Exceptions->errorHandler(2, 'Undefined array key "fullname"', 'C:\\BarangayInformationSystem\\app\\Controllers\\AdminController.php', 3204)
 2 [internal function]: App\Controllers\AdminController->App\Controllers\{closure}([...])
 3 APPPATH\Controllers\AdminController.php(3200): array_map(Object(Closure), [...])
 4 SYSTEMPATH\CodeIgniter.php(933): App\Controllers\AdminController->retrieveDistributions()
 5 SYSTEMPATH\CodeIgniter.php(507): CodeIgniter\CodeIgniter->runController(Object(App\Controllers\AdminController))
 6 SYSTEMPATH\CodeIgniter.php(354): CodeIgniter\CodeIgniter->handleRequest(null, Object(Config\Cache), false)
 7 SYSTEMPATH\Boot.php(334): CodeIgniter\CodeIgniter->run()
 8 SYSTEMPATH\Boot.php(67): CodeIgniter\Boot::runCodeIgniter(Object(CodeIgniter\CodeIgniter))
 9 FCPATH\index.php(56): CodeIgniter\Boot::bootWeb(Object(Config\Paths))
10 SYSTEMPATH\rewrite.php(44): require_once('C:\\BarangayInformationSystem\\public\\index.php')
CRITICAL - 2025-05-13 00:01:07 --> TypeError: CodeIgniter\Database\BaseBuilder::decrement(): Argument #2 ($value) must be of type int, null given, called in C:\BarangayInformationSystem\system\Model.php on line 928
[Method: POST, Route: admin/create-distribution]
in SYSTEMPATH\Database\BaseBuilder.php on line 2992.
 1 SYSTEMPATH\Model.php(928): CodeIgniter\Database\BaseBuilder->decrement('item_quantity', null)
 2 APPPATH\Controllers\AdminController.php(3162): CodeIgniter\Model->__call('decrement', [...])
 3 SYSTEMPATH\CodeIgniter.php(933): App\Controllers\AdminController->createDistribution()
 4 SYSTEMPATH\CodeIgniter.php(507): CodeIgniter\CodeIgniter->runController(Object(App\Controllers\AdminController))
 5 SYSTEMPATH\CodeIgniter.php(354): CodeIgniter\CodeIgniter->handleRequest(null, Object(Config\Cache), false)
 6 SYSTEMPATH\Boot.php(334): CodeIgniter\CodeIgniter->run()
 7 SYSTEMPATH\Boot.php(67): CodeIgniter\Boot::runCodeIgniter(Object(CodeIgniter\CodeIgniter))
 8 FCPATH\index.php(56): CodeIgniter\Boot::bootWeb(Object(Config\Paths))
 9 SYSTEMPATH\rewrite.php(44): require_once('C:\\BarangayInformationSystem\\public\\index.php')
DEBUG - 2025-05-13 00:01:34 --> Session: Class initialized using 'CodeIgniter\Session\Handlers\FileHandler' driver.
DEBUG - 2025-05-13 00:01:35 --> Fetched items: Array
(
    [0] => Array
        (
            [id] => 1
            [item_name] => RiceaX
            [item_quantity] => 180
            [item_description] => 10kg rice123
            [status] => active
            [created_at] => 2025-05-08 23:22:47
            [updated_at] => 2025-05-09 01:01:06
        )

)

CRITICAL - 2025-05-13 00:01:35 --> ErrorException: Undefined array key "fullname"
[Method: GET, Route: admin/retrieve-distributions]
in APPPATH\Controllers\AdminController.php on line 3204.
 1 APPPATH\Controllers\AdminController.php(3204): CodeIgniter\Debug\Exceptions->errorHandler(2, 'Undefined array key "fullname"', 'C:\\BarangayInformationSystem\\app\\Controllers\\AdminController.php', 3204)
 2 [internal function]: App\Controllers\AdminController->App\Controllers\{closure}([...])
 3 APPPATH\Controllers\AdminController.php(3200): array_map(Object(Closure), [...])
 4 SYSTEMPATH\CodeIgniter.php(933): App\Controllers\AdminController->retrieveDistributions()
 5 SYSTEMPATH\CodeIgniter.php(507): CodeIgniter\CodeIgniter->runController(Object(App\Controllers\AdminController))
 6 SYSTEMPATH\CodeIgniter.php(354): CodeIgniter\CodeIgniter->handleRequest(null, Object(Config\Cache), false)
 7 SYSTEMPATH\Boot.php(334): CodeIgniter\CodeIgniter->run()
 8 SYSTEMPATH\Boot.php(67): CodeIgniter\Boot::runCodeIgniter(Object(CodeIgniter\CodeIgniter))
 9 FCPATH\index.php(56): CodeIgniter\Boot::bootWeb(Object(Config\Paths))
10 SYSTEMPATH\rewrite.php(44): require_once('C:\\BarangayInformationSystem\\public\\index.php')
CRITICAL - 2025-05-13 00:01:41 --> TypeError: CodeIgniter\Database\BaseBuilder::decrement(): Argument #2 ($value) must be of type int, null given, called in C:\BarangayInformationSystem\system\Model.php on line 928
[Method: POST, Route: admin/create-distribution]
in SYSTEMPATH\Database\BaseBuilder.php on line 2992.
 1 SYSTEMPATH\Model.php(928): CodeIgniter\Database\BaseBuilder->decrement('item_quantity', null)
 2 APPPATH\Controllers\AdminController.php(3162): CodeIgniter\Model->__call('decrement', [...])
 3 SYSTEMPATH\CodeIgniter.php(933): App\Controllers\AdminController->createDistribution()
 4 SYSTEMPATH\CodeIgniter.php(507): CodeIgniter\CodeIgniter->runController(Object(App\Controllers\AdminController))
 5 SYSTEMPATH\CodeIgniter.php(354): CodeIgniter\CodeIgniter->handleRequest(null, Object(Config\Cache), false)
 6 SYSTEMPATH\Boot.php(334): CodeIgniter\CodeIgniter->run()
 7 SYSTEMPATH\Boot.php(67): CodeIgniter\Boot::runCodeIgniter(Object(CodeIgniter\CodeIgniter))
 8 FCPATH\index.php(56): CodeIgniter\Boot::bootWeb(Object(Config\Paths))
 9 SYSTEMPATH\rewrite.php(44): require_once('C:\\BarangayInformationSystem\\public\\index.php')
DEBUG - 2025-05-13 00:03:13 --> Session: Class initialized using 'CodeIgniter\Session\Handlers\FileHandler' driver.
DEBUG - 2025-05-13 00:03:15 --> Fetched items: Array
(
    [0] => Array
        (
            [id] => 1
            [item_name] => RiceaX
            [item_quantity] => 180
            [item_description] => 10kg rice123
            [status] => active
            [created_at] => 2025-05-08 23:22:47
            [updated_at] => 2025-05-09 01:01:06
        )

)

CRITICAL - 2025-05-13 00:03:15 --> ErrorException: Undefined array key "fullname"
[Method: GET, Route: admin/retrieve-distributions]
in APPPATH\Controllers\AdminController.php on line 3205.
 1 APPPATH\Controllers\AdminController.php(3205): CodeIgniter\Debug\Exceptions->errorHandler(2, 'Undefined array key "fullname"', 'C:\\BarangayInformationSystem\\app\\Controllers\\AdminController.php', 3205)
 2 [internal function]: App\Controllers\AdminController->App\Controllers\{closure}([...])
 3 APPPATH\Controllers\AdminController.php(3201): array_map(Object(Closure), [...])
 4 SYSTEMPATH\CodeIgniter.php(933): App\Controllers\AdminController->retrieveDistributions()
 5 SYSTEMPATH\CodeIgniter.php(507): CodeIgniter\CodeIgniter->runController(Object(App\Controllers\AdminController))
 6 SYSTEMPATH\CodeIgniter.php(354): CodeIgniter\CodeIgniter->handleRequest(null, Object(Config\Cache), false)
 7 SYSTEMPATH\Boot.php(334): CodeIgniter\CodeIgniter->run()
 8 SYSTEMPATH\Boot.php(67): CodeIgniter\Boot::runCodeIgniter(Object(CodeIgniter\CodeIgniter))
 9 FCPATH\index.php(56): CodeIgniter\Boot::bootWeb(Object(Config\Paths))
10 SYSTEMPATH\rewrite.php(44): require_once('C:\\BarangayInformationSystem\\public\\index.php')
CRITICAL - 2025-05-13 00:03:21 --> TypeError: CodeIgniter\Database\BaseBuilder::decrement(): Argument #2 ($value) must be of type int, null given, called in C:\BarangayInformationSystem\system\Model.php on line 928
[Method: POST, Route: admin/create-distribution]
in SYSTEMPATH\Database\BaseBuilder.php on line 2992.
 1 SYSTEMPATH\Model.php(928): CodeIgniter\Database\BaseBuilder->decrement('item_quantity', null)
 2 APPPATH\Controllers\AdminController.php(3162): CodeIgniter\Model->__call('decrement', [...])
 3 SYSTEMPATH\CodeIgniter.php(933): App\Controllers\AdminController->createDistribution()
 4 SYSTEMPATH\CodeIgniter.php(507): CodeIgniter\CodeIgniter->runController(Object(App\Controllers\AdminController))
 5 SYSTEMPATH\CodeIgniter.php(354): CodeIgniter\CodeIgniter->handleRequest(null, Object(Config\Cache), false)
 6 SYSTEMPATH\Boot.php(334): CodeIgniter\CodeIgniter->run()
 7 SYSTEMPATH\Boot.php(67): CodeIgniter\Boot::runCodeIgniter(Object(CodeIgniter\CodeIgniter))
 8 FCPATH\index.php(56): CodeIgniter\Boot::bootWeb(Object(Config\Paths))
 9 SYSTEMPATH\rewrite.php(44): require_once('C:\\BarangayInformationSystem\\public\\index.php')
DEBUG - 2025-05-13 00:03:28 --> Session: Class initialized using 'CodeIgniter\Session\Handlers\FileHandler' driver.
DEBUG - 2025-05-13 00:03:29 --> Fetched items: Array
(
    [0] => Array
        (
            [id] => 1
            [item_name] => RiceaX
            [item_quantity] => 180
            [item_description] => 10kg rice123
            [status] => active
            [created_at] => 2025-05-08 23:22:47
            [updated_at] => 2025-05-09 01:01:06
        )

)

CRITICAL - 2025-05-13 00:03:30 --> ErrorException: Undefined array key "fullname"
[Method: GET, Route: admin/retrieve-distributions]
in APPPATH\Controllers\AdminController.php on line 3205.
 1 APPPATH\Controllers\AdminController.php(3205): CodeIgniter\Debug\Exceptions->errorHandler(2, 'Undefined array key "fullname"', 'C:\\BarangayInformationSystem\\app\\Controllers\\AdminController.php', 3205)
 2 [internal function]: App\Controllers\AdminController->App\Controllers\{closure}([...])
 3 APPPATH\Controllers\AdminController.php(3201): array_map(Object(Closure), [...])
 4 SYSTEMPATH\CodeIgniter.php(933): App\Controllers\AdminController->retrieveDistributions()
 5 SYSTEMPATH\CodeIgniter.php(507): CodeIgniter\CodeIgniter->runController(Object(App\Controllers\AdminController))
 6 SYSTEMPATH\CodeIgniter.php(354): CodeIgniter\CodeIgniter->handleRequest(null, Object(Config\Cache), false)
 7 SYSTEMPATH\Boot.php(334): CodeIgniter\CodeIgniter->run()
 8 SYSTEMPATH\Boot.php(67): CodeIgniter\Boot::runCodeIgniter(Object(CodeIgniter\CodeIgniter))
 9 FCPATH\index.php(56): CodeIgniter\Boot::bootWeb(Object(Config\Paths))
10 SYSTEMPATH\rewrite.php(44): require_once('C:\\BarangayInformationSystem\\public\\index.php')
CRITICAL - 2025-05-13 00:03:34 --> TypeError: CodeIgniter\Database\BaseBuilder::decrement(): Argument #2 ($value) must be of type int, null given, called in C:\BarangayInformationSystem\system\Model.php on line 928
[Method: POST, Route: admin/create-distribution]
in SYSTEMPATH\Database\BaseBuilder.php on line 2992.
 1 SYSTEMPATH\Model.php(928): CodeIgniter\Database\BaseBuilder->decrement('item_quantity', null)
 2 APPPATH\Controllers\AdminController.php(3162): CodeIgniter\Model->__call('decrement', [...])
 3 SYSTEMPATH\CodeIgniter.php(933): App\Controllers\AdminController->createDistribution()
 4 SYSTEMPATH\CodeIgniter.php(507): CodeIgniter\CodeIgniter->runController(Object(App\Controllers\AdminController))
 5 SYSTEMPATH\CodeIgniter.php(354): CodeIgniter\CodeIgniter->handleRequest(null, Object(Config\Cache), false)
 6 SYSTEMPATH\Boot.php(334): CodeIgniter\CodeIgniter->run()
 7 SYSTEMPATH\Boot.php(67): CodeIgniter\Boot::runCodeIgniter(Object(CodeIgniter\CodeIgniter))
 8 FCPATH\index.php(56): CodeIgniter\Boot::bootWeb(Object(Config\Paths))
 9 SYSTEMPATH\rewrite.php(44): require_once('C:\\BarangayInformationSystem\\public\\index.php')
CRITICAL - 2025-05-13 00:05:51 --> TypeError: CodeIgniter\Database\BaseBuilder::decrement(): Argument #2 ($value) must be of type int, null given, called in C:\BarangayInformationSystem\system\Model.php on line 928
[Method: POST, Route: admin/create-distribution]
in SYSTEMPATH\Database\BaseBuilder.php on line 2992.
 1 SYSTEMPATH\Model.php(928): CodeIgniter\Database\BaseBuilder->decrement('item_quantity', null)
 2 APPPATH\Controllers\AdminController.php(3162): CodeIgniter\Model->__call('decrement', [...])
 3 SYSTEMPATH\CodeIgniter.php(933): App\Controllers\AdminController->createDistribution()
 4 SYSTEMPATH\CodeIgniter.php(507): CodeIgniter\CodeIgniter->runController(Object(App\Controllers\AdminController))
 5 SYSTEMPATH\CodeIgniter.php(354): CodeIgniter\CodeIgniter->handleRequest(null, Object(Config\Cache), false)
 6 SYSTEMPATH\Boot.php(334): CodeIgniter\CodeIgniter->run()
 7 SYSTEMPATH\Boot.php(67): CodeIgniter\Boot::runCodeIgniter(Object(CodeIgniter\CodeIgniter))
 8 FCPATH\index.php(56): CodeIgniter\Boot::bootWeb(Object(Config\Paths))
 9 SYSTEMPATH\rewrite.php(44): require_once('C:\\BarangayInformationSystem\\public\\index.php')
DEBUG - 2025-05-13 00:05:53 --> Session: Class initialized using 'CodeIgniter\Session\Handlers\FileHandler' driver.
DEBUG - 2025-05-13 00:05:54 --> Fetched items: Array
(
    [0] => Array
        (
            [id] => 1
            [item_name] => RiceaX
            [item_quantity] => 180
            [item_description] => 10kg rice123
            [status] => active
            [created_at] => 2025-05-08 23:22:47
            [updated_at] => 2025-05-09 01:01:06
        )

)

CRITICAL - 2025-05-13 00:05:55 --> ErrorException: Undefined array key "fullname"
[Method: GET, Route: admin/retrieve-distributions]
in APPPATH\Controllers\AdminController.php on line 3205.
 1 APPPATH\Controllers\AdminController.php(3205): CodeIgniter\Debug\Exceptions->errorHandler(2, 'Undefined array key "fullname"', 'C:\\BarangayInformationSystem\\app\\Controllers\\AdminController.php', 3205)
 2 [internal function]: App\Controllers\AdminController->App\Controllers\{closure}([...])
 3 APPPATH\Controllers\AdminController.php(3201): array_map(Object(Closure), [...])
 4 SYSTEMPATH\CodeIgniter.php(933): App\Controllers\AdminController->retrieveDistributions()
 5 SYSTEMPATH\CodeIgniter.php(507): CodeIgniter\CodeIgniter->runController(Object(App\Controllers\AdminController))
 6 SYSTEMPATH\CodeIgniter.php(354): CodeIgniter\CodeIgniter->handleRequest(null, Object(Config\Cache), false)
 7 SYSTEMPATH\Boot.php(334): CodeIgniter\CodeIgniter->run()
 8 SYSTEMPATH\Boot.php(67): CodeIgniter\Boot::runCodeIgniter(Object(CodeIgniter\CodeIgniter))
 9 FCPATH\index.php(56): CodeIgniter\Boot::bootWeb(Object(Config\Paths))
10 SYSTEMPATH\rewrite.php(44): require_once('C:\\BarangayInformationSystem\\public\\index.php')
CRITICAL - 2025-05-13 00:06:03 --> TypeError: CodeIgniter\Database\BaseBuilder::decrement(): Argument #2 ($value) must be of type int, null given, called in C:\BarangayInformationSystem\system\Model.php on line 928
[Method: POST, Route: admin/create-distribution]
in SYSTEMPATH\Database\BaseBuilder.php on line 2992.
 1 SYSTEMPATH\Model.php(928): CodeIgniter\Database\BaseBuilder->decrement('item_quantity', null)
 2 APPPATH\Controllers\AdminController.php(3162): CodeIgniter\Model->__call('decrement', [...])
 3 SYSTEMPATH\CodeIgniter.php(933): App\Controllers\AdminController->createDistribution()
 4 SYSTEMPATH\CodeIgniter.php(507): CodeIgniter\CodeIgniter->runController(Object(App\Controllers\AdminController))
 5 SYSTEMPATH\CodeIgniter.php(354): CodeIgniter\CodeIgniter->handleRequest(null, Object(Config\Cache), false)
 6 SYSTEMPATH\Boot.php(334): CodeIgniter\CodeIgniter->run()
 7 SYSTEMPATH\Boot.php(67): CodeIgniter\Boot::runCodeIgniter(Object(CodeIgniter\CodeIgniter))
 8 FCPATH\index.php(56): CodeIgniter\Boot::bootWeb(Object(Config\Paths))
 9 SYSTEMPATH\rewrite.php(44): require_once('C:\\BarangayInformationSystem\\public\\index.php')
DEBUG - 2025-05-13 00:07:45 --> Session: Class initialized using 'CodeIgniter\Session\Handlers\FileHandler' driver.
DEBUG - 2025-05-13 00:07:46 --> Fetched items: Array
(
    [0] => Array
        (
            [id] => 1
            [item_name] => RiceaX
            [item_quantity] => 180
            [item_description] => 10kg rice123
            [status] => active
            [created_at] => 2025-05-08 23:22:47
            [updated_at] => 2025-05-09 01:01:06
        )

)

CRITICAL - 2025-05-13 00:07:46 --> ErrorException: Undefined array key "fullname"
[Method: GET, Route: admin/retrieve-distributions]
in APPPATH\Controllers\AdminController.php on line 3215.
 1 APPPATH\Controllers\AdminController.php(3215): CodeIgniter\Debug\Exceptions->errorHandler(2, 'Undefined array key "fullname"', 'C:\\BarangayInformationSystem\\app\\Controllers\\AdminController.php', 3215)
 2 [internal function]: App\Controllers\AdminController->App\Controllers\{closure}([...])
 3 APPPATH\Controllers\AdminController.php(3211): array_map(Object(Closure), [...])
 4 SYSTEMPATH\CodeIgniter.php(933): App\Controllers\AdminController->retrieveDistributions()
 5 SYSTEMPATH\CodeIgniter.php(507): CodeIgniter\CodeIgniter->runController(Object(App\Controllers\AdminController))
 6 SYSTEMPATH\CodeIgniter.php(354): CodeIgniter\CodeIgniter->handleRequest(null, Object(Config\Cache), false)
 7 SYSTEMPATH\Boot.php(334): CodeIgniter\CodeIgniter->run()
 8 SYSTEMPATH\Boot.php(67): CodeIgniter\Boot::runCodeIgniter(Object(CodeIgniter\CodeIgniter))
 9 FCPATH\index.php(56): CodeIgniter\Boot::bootWeb(Object(Config\Paths))
10 SYSTEMPATH\rewrite.php(44): require_once('C:\\BarangayInformationSystem\\public\\index.php')
DEBUG - 2025-05-13 00:07:55 --> Session: Class initialized using 'CodeIgniter\Session\Handlers\FileHandler' driver.
DEBUG - 2025-05-13 00:07:55 --> Fetched items: Array
(
    [0] => Array
        (
            [id] => 1
            [item_name] => RiceaX
            [item_quantity] => 180
            [item_description] => 10kg rice123
            [status] => active
            [created_at] => 2025-05-08 23:22:47
            [updated_at] => 2025-05-09 01:01:06
        )

)

CRITICAL - 2025-05-13 00:07:55 --> ErrorException: Undefined array key "fullname"
[Method: GET, Route: admin/retrieve-distributions]
in APPPATH\Controllers\AdminController.php on line 3215.
 1 APPPATH\Controllers\AdminController.php(3215): CodeIgniter\Debug\Exceptions->errorHandler(2, 'Undefined array key "fullname"', 'C:\\BarangayInformationSystem\\app\\Controllers\\AdminController.php', 3215)
 2 [internal function]: App\Controllers\AdminController->App\Controllers\{closure}([...])
 3 APPPATH\Controllers\AdminController.php(3211): array_map(Object(Closure), [...])
 4 SYSTEMPATH\CodeIgniter.php(933): App\Controllers\AdminController->retrieveDistributions()
 5 SYSTEMPATH\CodeIgniter.php(507): CodeIgniter\CodeIgniter->runController(Object(App\Controllers\AdminController))
 6 SYSTEMPATH\CodeIgniter.php(354): CodeIgniter\CodeIgniter->handleRequest(null, Object(Config\Cache), false)
 7 SYSTEMPATH\Boot.php(334): CodeIgniter\CodeIgniter->run()
 8 SYSTEMPATH\Boot.php(67): CodeIgniter\Boot::runCodeIgniter(Object(CodeIgniter\CodeIgniter))
 9 FCPATH\index.php(56): CodeIgniter\Boot::bootWeb(Object(Config\Paths))
10 SYSTEMPATH\rewrite.php(44): require_once('C:\\BarangayInformationSystem\\public\\index.php')
DEBUG - 2025-05-13 00:09:00 --> Session: Class initialized using 'CodeIgniter\Session\Handlers\FileHandler' driver.
DEBUG - 2025-05-13 00:09:00 --> Fetched items: Array
(
    [0] => Array
        (
            [id] => 1
            [item_name] => RiceaX
            [item_quantity] => 180
            [item_description] => 10kg rice123
            [status] => active
            [created_at] => 2025-05-08 23:22:47
            [updated_at] => 2025-05-09 01:01:06
        )

)

CRITICAL - 2025-05-13 00:09:00 --> ErrorException: Undefined array key "fullname"
[Method: GET, Route: admin/retrieve-distributions]
in APPPATH\Controllers\AdminController.php on line 3214.
 1 APPPATH\Controllers\AdminController.php(3214): CodeIgniter\Debug\Exceptions->errorHandler(2, 'Undefined array key "fullname"', 'C:\\BarangayInformationSystem\\app\\Controllers\\AdminController.php', 3214)
 2 [internal function]: App\Controllers\AdminController->App\Controllers\{closure}([...])
 3 APPPATH\Controllers\AdminController.php(3210): array_map(Object(Closure), [...])
 4 SYSTEMPATH\CodeIgniter.php(933): App\Controllers\AdminController->retrieveDistributions()
 5 SYSTEMPATH\CodeIgniter.php(507): CodeIgniter\CodeIgniter->runController(Object(App\Controllers\AdminController))
 6 SYSTEMPATH\CodeIgniter.php(354): CodeIgniter\CodeIgniter->handleRequest(null, Object(Config\Cache), false)
 7 SYSTEMPATH\Boot.php(334): CodeIgniter\CodeIgniter->run()
 8 SYSTEMPATH\Boot.php(67): CodeIgniter\Boot::runCodeIgniter(Object(CodeIgniter\CodeIgniter))
 9 FCPATH\index.php(56): CodeIgniter\Boot::bootWeb(Object(Config\Paths))
10 SYSTEMPATH\rewrite.php(44): require_once('C:\\BarangayInformationSystem\\public\\index.php')
DEBUG - 2025-05-13 00:09:33 --> Session: Class initialized using 'CodeIgniter\Session\Handlers\FileHandler' driver.
DEBUG - 2025-05-13 00:09:33 --> Fetched items: Array
(
    [0] => Array
        (
            [id] => 1
            [item_name] => RiceaX
            [item_quantity] => 180
            [item_description] => 10kg rice123
            [status] => active
            [created_at] => 2025-05-08 23:22:47
            [updated_at] => 2025-05-09 01:01:06
        )

)

CRITICAL - 2025-05-13 00:09:34 --> ErrorException: Undefined array key "fullname"
[Method: GET, Route: admin/retrieve-distributions]
in APPPATH\Controllers\AdminController.php on line 3214.
 1 APPPATH\Controllers\AdminController.php(3214): CodeIgniter\Debug\Exceptions->errorHandler(2, 'Undefined array key "fullname"', 'C:\\BarangayInformationSystem\\app\\Controllers\\AdminController.php', 3214)
 2 [internal function]: App\Controllers\AdminController->App\Controllers\{closure}([...])
 3 APPPATH\Controllers\AdminController.php(3210): array_map(Object(Closure), [...])
 4 SYSTEMPATH\CodeIgniter.php(933): App\Controllers\AdminController->retrieveDistributions()
 5 SYSTEMPATH\CodeIgniter.php(507): CodeIgniter\CodeIgniter->runController(Object(App\Controllers\AdminController))
 6 SYSTEMPATH\CodeIgniter.php(354): CodeIgniter\CodeIgniter->handleRequest(null, Object(Config\Cache), false)
 7 SYSTEMPATH\Boot.php(334): CodeIgniter\CodeIgniter->run()
 8 SYSTEMPATH\Boot.php(67): CodeIgniter\Boot::runCodeIgniter(Object(CodeIgniter\CodeIgniter))
 9 FCPATH\index.php(56): CodeIgniter\Boot::bootWeb(Object(Config\Paths))
10 SYSTEMPATH\rewrite.php(44): require_once('C:\\BarangayInformationSystem\\public\\index.php')
DEBUG - 2025-05-13 00:10:09 --> Session: Class initialized using 'CodeIgniter\Session\Handlers\FileHandler' driver.
DEBUG - 2025-05-13 00:10:09 --> Fetched items: Array
(
    [0] => Array
        (
            [id] => 1
            [item_name] => RiceaX
            [item_quantity] => 180
            [item_description] => 10kg rice123
            [status] => active
            [created_at] => 2025-05-08 23:22:47
            [updated_at] => 2025-05-09 01:01:06
        )

)

CRITICAL - 2025-05-13 00:10:09 --> ErrorException: Undefined array key "fullname"
[Method: GET, Route: admin/retrieve-distributions]
in APPPATH\Controllers\AdminController.php on line 3214.
 1 APPPATH\Controllers\AdminController.php(3214): CodeIgniter\Debug\Exceptions->errorHandler(2, 'Undefined array key "fullname"', 'C:\\BarangayInformationSystem\\app\\Controllers\\AdminController.php', 3214)
 2 [internal function]: App\Controllers\AdminController->App\Controllers\{closure}([...])
 3 APPPATH\Controllers\AdminController.php(3210): array_map(Object(Closure), [...])
 4 SYSTEMPATH\CodeIgniter.php(933): App\Controllers\AdminController->retrieveDistributions()
 5 SYSTEMPATH\CodeIgniter.php(507): CodeIgniter\CodeIgniter->runController(Object(App\Controllers\AdminController))
 6 SYSTEMPATH\CodeIgniter.php(354): CodeIgniter\CodeIgniter->handleRequest(null, Object(Config\Cache), false)
 7 SYSTEMPATH\Boot.php(334): CodeIgniter\CodeIgniter->run()
 8 SYSTEMPATH\Boot.php(67): CodeIgniter\Boot::runCodeIgniter(Object(CodeIgniter\CodeIgniter))
 9 FCPATH\index.php(56): CodeIgniter\Boot::bootWeb(Object(Config\Paths))
10 SYSTEMPATH\rewrite.php(44): require_once('C:\\BarangayInformationSystem\\public\\index.php')
DEBUG - 2025-05-13 00:11:28 --> Session: Class initialized using 'CodeIgniter\Session\Handlers\FileHandler' driver.
DEBUG - 2025-05-13 00:11:29 --> Fetched items: Array
(
    [0] => Array
        (
            [id] => 1
            [item_name] => RiceaX
            [item_quantity] => 180
            [item_description] => 10kg rice123
            [status] => active
            [created_at] => 2025-05-08 23:22:47
            [updated_at] => 2025-05-09 01:01:06
        )

)

CRITICAL - 2025-05-13 00:11:29 --> ErrorException: Undefined array key "fullname"
[Method: GET, Route: admin/retrieve-distributions]
in APPPATH\Controllers\AdminController.php on line 3214.
 1 APPPATH\Controllers\AdminController.php(3214): CodeIgniter\Debug\Exceptions->errorHandler(2, 'Undefined array key "fullname"', 'C:\\BarangayInformationSystem\\app\\Controllers\\AdminController.php', 3214)
 2 [internal function]: App\Controllers\AdminController->App\Controllers\{closure}([...])
 3 APPPATH\Controllers\AdminController.php(3210): array_map(Object(Closure), [...])
 4 SYSTEMPATH\CodeIgniter.php(933): App\Controllers\AdminController->retrieveDistributions()
 5 SYSTEMPATH\CodeIgniter.php(507): CodeIgniter\CodeIgniter->runController(Object(App\Controllers\AdminController))
 6 SYSTEMPATH\CodeIgniter.php(354): CodeIgniter\CodeIgniter->handleRequest(null, Object(Config\Cache), false)
 7 SYSTEMPATH\Boot.php(334): CodeIgniter\CodeIgniter->run()
 8 SYSTEMPATH\Boot.php(67): CodeIgniter\Boot::runCodeIgniter(Object(CodeIgniter\CodeIgniter))
 9 FCPATH\index.php(56): CodeIgniter\Boot::bootWeb(Object(Config\Paths))
10 SYSTEMPATH\rewrite.php(44): require_once('C:\\BarangayInformationSystem\\public\\index.php')
DEBUG - 2025-05-13 00:11:33 --> Session: Class initialized using 'CodeIgniter\Session\Handlers\FileHandler' driver.
DEBUG - 2025-05-13 00:11:35 --> Session: Class initialized using 'CodeIgniter\Session\Handlers\FileHandler' driver.
DEBUG - 2025-05-13 00:11:36 --> Fetched items: Array
(
    [0] => Array
        (
            [id] => 1
            [item_name] => RiceaX
            [item_quantity] => 180
            [item_description] => 10kg rice123
            [status] => active
            [created_at] => 2025-05-08 23:22:47
            [updated_at] => 2025-05-09 01:01:06
        )

)

CRITICAL - 2025-05-13 00:11:36 --> ErrorException: Undefined array key "fullname"
[Method: GET, Route: admin/retrieve-distributions]
in APPPATH\Controllers\AdminController.php on line 3214.
 1 APPPATH\Controllers\AdminController.php(3214): CodeIgniter\Debug\Exceptions->errorHandler(2, 'Undefined array key "fullname"', 'C:\\BarangayInformationSystem\\app\\Controllers\\AdminController.php', 3214)
 2 [internal function]: App\Controllers\AdminController->App\Controllers\{closure}([...])
 3 APPPATH\Controllers\AdminController.php(3210): array_map(Object(Closure), [...])
 4 SYSTEMPATH\CodeIgniter.php(933): App\Controllers\AdminController->retrieveDistributions()
 5 SYSTEMPATH\CodeIgniter.php(507): CodeIgniter\CodeIgniter->runController(Object(App\Controllers\AdminController))
 6 SYSTEMPATH\CodeIgniter.php(354): CodeIgniter\CodeIgniter->handleRequest(null, Object(Config\Cache), false)
 7 SYSTEMPATH\Boot.php(334): CodeIgniter\CodeIgniter->run()
 8 SYSTEMPATH\Boot.php(67): CodeIgniter\Boot::runCodeIgniter(Object(CodeIgniter\CodeIgniter))
 9 FCPATH\index.php(56): CodeIgniter\Boot::bootWeb(Object(Config\Paths))
10 SYSTEMPATH\rewrite.php(44): require_once('C:\\BarangayInformationSystem\\public\\index.php')
DEBUG - 2025-05-13 00:13:34 --> Session: Class initialized using 'CodeIgniter\Session\Handlers\FileHandler' driver.
DEBUG - 2025-05-13 00:13:35 --> Fetched items: Array
(
    [0] => Array
        (
            [id] => 1
            [item_name] => RiceaX
            [item_quantity] => 180
            [item_description] => 10kg rice123
            [status] => active
            [created_at] => 2025-05-08 23:22:47
            [updated_at] => 2025-05-09 01:01:06
        )

)

CRITICAL - 2025-05-13 00:13:35 --> ErrorException: Undefined array key "fullname"
[Method: GET, Route: admin/retrieve-distributions]
in APPPATH\Controllers\AdminController.php on line 3210.
 1 APPPATH\Controllers\AdminController.php(3210): CodeIgniter\Debug\Exceptions->errorHandler(2, 'Undefined array key "fullname"', 'C:\\BarangayInformationSystem\\app\\Controllers\\AdminController.php', 3210)
 2 [internal function]: App\Controllers\AdminController->App\Controllers\{closure}([...])
 3 APPPATH\Controllers\AdminController.php(3206): array_map(Object(Closure), [...])
 4 SYSTEMPATH\CodeIgniter.php(933): App\Controllers\AdminController->retrieveDistributions()
 5 SYSTEMPATH\CodeIgniter.php(507): CodeIgniter\CodeIgniter->runController(Object(App\Controllers\AdminController))
 6 SYSTEMPATH\CodeIgniter.php(354): CodeIgniter\CodeIgniter->handleRequest(null, Object(Config\Cache), false)
 7 SYSTEMPATH\Boot.php(334): CodeIgniter\CodeIgniter->run()
 8 SYSTEMPATH\Boot.php(67): CodeIgniter\Boot::runCodeIgniter(Object(CodeIgniter\CodeIgniter))
 9 FCPATH\index.php(56): CodeIgniter\Boot::bootWeb(Object(Config\Paths))
10 SYSTEMPATH\rewrite.php(44): require_once('C:\\BarangayInformationSystem\\public\\index.php')
ERROR - 2025-05-13 00:13:41 --> mysqli_sql_exception: You have an error in your SQL syntax; check the manual that corresponds to your MySQL server version for the right syntax to use near ', `updated_at` = '2025-05-13 00:13:41'
WHERE `id` IS NULL' at line 1 in C:\BarangayInformationSystem\system\Database\MySQLi\Connection.php:327
Stack trace:
#0 C:\BarangayInformationSystem\system\Database\MySQLi\Connection.php(327): mysqli->query('UPDATE `tbl_con...', 0)
#1 C:\BarangayInformationSystem\system\Database\BaseConnection.php(738): CodeIgniter\Database\MySQLi\Connection->execute('UPDATE `tbl_con...')
#2 C:\BarangayInformationSystem\system\Database\BaseConnection.php(652): CodeIgniter\Database\BaseConnection->simpleQuery('UPDATE `tbl_con...')
#3 C:\BarangayInformationSystem\system\Database\BaseBuilder.php(2521): CodeIgniter\Database\BaseConnection->query('UPDATE `tbl_con...', Array, false)
#4 C:\BarangayInformationSystem\system\Model.php(461): CodeIgniter\Database\BaseBuilder->update()
#5 C:\BarangayInformationSystem\system\BaseModel.php(1027): CodeIgniter\Model->doUpdate(NULL, Array)
#6 C:\BarangayInformationSystem\system\Model.php(863): CodeIgniter\BaseModel->update(NULL, Array)
#7 C:\BarangayInformationSystem\app\Controllers\AdminController.php(3165): CodeIgniter\Model->update()
#8 C:\BarangayInformationSystem\system\CodeIgniter.php(933): App\Controllers\AdminController->createDistribution()
#9 C:\BarangayInformationSystem\system\CodeIgniter.php(507): CodeIgniter\CodeIgniter->runController(Object(App\Controllers\AdminController))
#10 C:\BarangayInformationSystem\system\CodeIgniter.php(354): CodeIgniter\CodeIgniter->handleRequest(NULL, Object(Config\Cache), false)
#11 C:\BarangayInformationSystem\system\Boot.php(334): CodeIgniter\CodeIgniter->run()
#12 C:\BarangayInformationSystem\system\Boot.php(67): CodeIgniter\Boot::runCodeIgniter(Object(CodeIgniter\CodeIgniter))
#13 C:\BarangayInformationSystem\public\index.php(56): CodeIgniter\Boot::bootWeb(Object(Config\Paths))
#14 C:\BarangayInformationSystem\system\rewrite.php(44): require_once('C:\\BarangayInfo...')
#15 {main}
CRITICAL - 2025-05-13 00:13:41 --> CodeIgniter\Database\Exceptions\DatabaseException: You have an error in your SQL syntax; check the manual that corresponds to your MySQL server version for the right syntax to use near ', `updated_at` = '2025-05-13 00:13:41'
WHERE `id` IS NULL' at line 1
[Method: POST, Route: admin/create-distribution]
in SYSTEMPATH\Database\BaseConnection.php on line 692.
 1 SYSTEMPATH\Database\BaseBuilder.php(2521): CodeIgniter\Database\BaseConnection->query('UPDATE `tbl_consumables` SET `item_quantity` = item_quantity - , `updated_at` = :updated_at:
WHERE `id` IS NULL', [...], false)
 2 SYSTEMPATH\Model.php(461): CodeIgniter\Database\BaseBuilder->update()
 3 SYSTEMPATH\BaseModel.php(1027): CodeIgniter\Model->doUpdate(null, [...])
 4 SYSTEMPATH\Model.php(863): CodeIgniter\BaseModel->update(null, [...])
 5 APPPATH\Controllers\AdminController.php(3165): CodeIgniter\Model->update()
 6 SYSTEMPATH\CodeIgniter.php(933): App\Controllers\AdminController->createDistribution()
 7 SYSTEMPATH\CodeIgniter.php(507): CodeIgniter\CodeIgniter->runController(Object(App\Controllers\AdminController))
 8 SYSTEMPATH\CodeIgniter.php(354): CodeIgniter\CodeIgniter->handleRequest(null, Object(Config\Cache), false)
 9 SYSTEMPATH\Boot.php(334): CodeIgniter\CodeIgniter->run()
10 SYSTEMPATH\Boot.php(67): CodeIgniter\Boot::runCodeIgniter(Object(CodeIgniter\CodeIgniter))
11 FCPATH\index.php(56): CodeIgniter\Boot::bootWeb(Object(Config\Paths))
12 SYSTEMPATH\rewrite.php(44): require_once('C:\\BarangayInformationSystem\\public\\index.php')
CRITICAL - 2025-05-13 00:13:41 --> [Caused by] CodeIgniter\Database\Exceptions\DatabaseException: You have an error in your SQL syntax; check the manual that corresponds to your MySQL server version for the right syntax to use near ', `updated_at` = '2025-05-13 00:13:41'
WHERE `id` IS NULL' at line 1
in SYSTEMPATH\Database\MySQLi\Connection.php on line 332.
 1 SYSTEMPATH\Database\BaseConnection.php(738): CodeIgniter\Database\MySQLi\Connection->execute('UPDATE `tbl_consumables` SET `item_quantity` = item_quantity - , `updated_at` = \'2025-05-13 00:13:41\'
WHERE `id` IS NULL')
 2 SYSTEMPATH\Database\BaseConnection.php(652): CodeIgniter\Database\BaseConnection->simpleQuery('UPDATE `tbl_consumables` SET `item_quantity` = item_quantity - , `updated_at` = \'2025-05-13 00:13:41\'
WHERE `id` IS NULL')
 3 SYSTEMPATH\Database\BaseBuilder.php(2521): CodeIgniter\Database\BaseConnection->query('UPDATE `tbl_consumables` SET `item_quantity` = item_quantity - , `updated_at` = :updated_at:
WHERE `id` IS NULL', [...], false)
 4 SYSTEMPATH\Model.php(461): CodeIgniter\Database\BaseBuilder->update()
 5 SYSTEMPATH\BaseModel.php(1027): CodeIgniter\Model->doUpdate(null, [...])
 6 SYSTEMPATH\Model.php(863): CodeIgniter\BaseModel->update(null, [...])
 7 APPPATH\Controllers\AdminController.php(3165): CodeIgniter\Model->update()
 8 SYSTEMPATH\CodeIgniter.php(933): App\Controllers\AdminController->createDistribution()
 9 SYSTEMPATH\CodeIgniter.php(507): CodeIgniter\CodeIgniter->runController(Object(App\Controllers\AdminController))
10 SYSTEMPATH\CodeIgniter.php(354): CodeIgniter\CodeIgniter->handleRequest(null, Object(Config\Cache), false)
11 SYSTEMPATH\Boot.php(334): CodeIgniter\CodeIgniter->run()
12 SYSTEMPATH\Boot.php(67): CodeIgniter\Boot::runCodeIgniter(Object(CodeIgniter\CodeIgniter))
13 FCPATH\index.php(56): CodeIgniter\Boot::bootWeb(Object(Config\Paths))
14 SYSTEMPATH\rewrite.php(44): require_once('C:\\BarangayInformationSystem\\public\\index.php')
CRITICAL - 2025-05-13 00:13:41 --> [Caused by] mysqli_sql_exception: You have an error in your SQL syntax; check the manual that corresponds to your MySQL server version for the right syntax to use near ', `updated_at` = '2025-05-13 00:13:41'
WHERE `id` IS NULL' at line 1
in SYSTEMPATH\Database\MySQLi\Connection.php on line 327.
 1 SYSTEMPATH\Database\MySQLi\Connection.php(327): mysqli->query('UPDATE `tbl_consumables` SET `item_quantity` = item_quantity - , `updated_at` = \'2025-05-13 00:13:41\'
WHERE `id` IS NULL', 0)
 2 SYSTEMPATH\Database\BaseConnection.php(738): CodeIgniter\Database\MySQLi\Connection->execute('UPDATE `tbl_consumables` SET `item_quantity` = item_quantity - , `updated_at` = \'2025-05-13 00:13:41\'
WHERE `id` IS NULL')
 3 SYSTEMPATH\Database\BaseConnection.php(652): CodeIgniter\Database\BaseConnection->simpleQuery('UPDATE `tbl_consumables` SET `item_quantity` = item_quantity - , `updated_at` = \'2025-05-13 00:13:41\'
WHERE `id` IS NULL')
 4 SYSTEMPATH\Database\BaseBuilder.php(2521): CodeIgniter\Database\BaseConnection->query('UPDATE `tbl_consumables` SET `item_quantity` = item_quantity - , `updated_at` = :updated_at:
WHERE `id` IS NULL', [...], false)
 5 SYSTEMPATH\Model.php(461): CodeIgniter\Database\BaseBuilder->update()
 6 SYSTEMPATH\BaseModel.php(1027): CodeIgniter\Model->doUpdate(null, [...])
 7 SYSTEMPATH\Model.php(863): CodeIgniter\BaseModel->update(null, [...])
 8 APPPATH\Controllers\AdminController.php(3165): CodeIgniter\Model->update()
 9 SYSTEMPATH\CodeIgniter.php(933): App\Controllers\AdminController->createDistribution()
10 SYSTEMPATH\CodeIgniter.php(507): CodeIgniter\CodeIgniter->runController(Object(App\Controllers\AdminController))
11 SYSTEMPATH\CodeIgniter.php(354): CodeIgniter\CodeIgniter->handleRequest(null, Object(Config\Cache), false)
12 SYSTEMPATH\Boot.php(334): CodeIgniter\CodeIgniter->run()
13 SYSTEMPATH\Boot.php(67): CodeIgniter\Boot::runCodeIgniter(Object(CodeIgniter\CodeIgniter))
14 FCPATH\index.php(56): CodeIgniter\Boot::bootWeb(Object(Config\Paths))
15 SYSTEMPATH\rewrite.php(44): require_once('C:\\BarangayInformationSystem\\public\\index.php')
DEBUG - 2025-05-13 00:14:17 --> Session: Class initialized using 'CodeIgniter\Session\Handlers\FileHandler' driver.
DEBUG - 2025-05-13 00:14:19 --> Fetched items: Array
(
    [0] => Array
        (
            [id] => 1
            [item_name] => RiceaX
            [item_quantity] => 180
            [item_description] => 10kg rice123
            [status] => active
            [created_at] => 2025-05-08 23:22:47
            [updated_at] => 2025-05-09 01:01:06
        )

)

CRITICAL - 2025-05-13 00:14:19 --> ErrorException: Undefined array key "fullname"
[Method: GET, Route: admin/retrieve-distributions]
in APPPATH\Controllers\AdminController.php on line 3204.
 1 APPPATH\Controllers\AdminController.php(3204): CodeIgniter\Debug\Exceptions->errorHandler(2, 'Undefined array key "fullname"', 'C:\\BarangayInformationSystem\\app\\Controllers\\AdminController.php', 3204)
 2 [internal function]: App\Controllers\AdminController->App\Controllers\{closure}([...])
 3 APPPATH\Controllers\AdminController.php(3200): array_map(Object(Closure), [...])
 4 SYSTEMPATH\CodeIgniter.php(933): App\Controllers\AdminController->retrieveDistributions()
 5 SYSTEMPATH\CodeIgniter.php(507): CodeIgniter\CodeIgniter->runController(Object(App\Controllers\AdminController))
 6 SYSTEMPATH\CodeIgniter.php(354): CodeIgniter\CodeIgniter->handleRequest(null, Object(Config\Cache), false)
 7 SYSTEMPATH\Boot.php(334): CodeIgniter\CodeIgniter->run()
 8 SYSTEMPATH\Boot.php(67): CodeIgniter\Boot::runCodeIgniter(Object(CodeIgniter\CodeIgniter))
 9 FCPATH\index.php(56): CodeIgniter\Boot::bootWeb(Object(Config\Paths))
10 SYSTEMPATH\rewrite.php(44): require_once('C:\\BarangayInformationSystem\\public\\index.php')
DEBUG - 2025-05-13 00:14:42 --> Session: Class initialized using 'CodeIgniter\Session\Handlers\FileHandler' driver.
DEBUG - 2025-05-13 00:14:43 --> Fetched items: Array
(
    [0] => Array
        (
            [id] => 1
            [item_name] => RiceaX
            [item_quantity] => 180
            [item_description] => 10kg rice123
            [status] => active
            [created_at] => 2025-05-08 23:22:47
            [updated_at] => 2025-05-09 01:01:06
        )

)

CRITICAL - 2025-05-13 00:14:43 --> ErrorException: Undefined array key "fullname"
[Method: GET, Route: admin/retrieve-distributions]
in APPPATH\Controllers\AdminController.php on line 3204.
 1 APPPATH\Controllers\AdminController.php(3204): CodeIgniter\Debug\Exceptions->errorHandler(2, 'Undefined array key "fullname"', 'C:\\BarangayInformationSystem\\app\\Controllers\\AdminController.php', 3204)
 2 [internal function]: App\Controllers\AdminController->App\Controllers\{closure}([...])
 3 APPPATH\Controllers\AdminController.php(3200): array_map(Object(Closure), [...])
 4 SYSTEMPATH\CodeIgniter.php(933): App\Controllers\AdminController->retrieveDistributions()
 5 SYSTEMPATH\CodeIgniter.php(507): CodeIgniter\CodeIgniter->runController(Object(App\Controllers\AdminController))
 6 SYSTEMPATH\CodeIgniter.php(354): CodeIgniter\CodeIgniter->handleRequest(null, Object(Config\Cache), false)
 7 SYSTEMPATH\Boot.php(334): CodeIgniter\CodeIgniter->run()
 8 SYSTEMPATH\Boot.php(67): CodeIgniter\Boot::runCodeIgniter(Object(CodeIgniter\CodeIgniter))
 9 FCPATH\index.php(56): CodeIgniter\Boot::bootWeb(Object(Config\Paths))
10 SYSTEMPATH\rewrite.php(44): require_once('C:\\BarangayInformationSystem\\public\\index.php')
DEBUG - 2025-05-13 00:15:38 --> Session: Class initialized using 'CodeIgniter\Session\Handlers\FileHandler' driver.
DEBUG - 2025-05-13 00:15:39 --> Fetched items: Array
(
    [0] => Array
        (
            [id] => 1
            [item_name] => RiceaX
            [item_quantity] => 180
            [item_description] => 10kg rice123
            [status] => active
            [created_at] => 2025-05-08 23:22:47
            [updated_at] => 2025-05-09 01:01:06
        )

)

CRITICAL - 2025-05-13 00:15:39 --> ErrorException: Undefined array key "fullname"
[Method: GET, Route: admin/retrieve-distributions]
in APPPATH\Controllers\AdminController.php on line 3206.
 1 APPPATH\Controllers\AdminController.php(3206): CodeIgniter\Debug\Exceptions->errorHandler(2, 'Undefined array key "fullname"', 'C:\\BarangayInformationSystem\\app\\Controllers\\AdminController.php', 3206)
 2 [internal function]: App\Controllers\AdminController->App\Controllers\{closure}([...])
 3 APPPATH\Controllers\AdminController.php(3202): array_map(Object(Closure), [...])
 4 SYSTEMPATH\CodeIgniter.php(933): App\Controllers\AdminController->retrieveDistributions()
 5 SYSTEMPATH\CodeIgniter.php(507): CodeIgniter\CodeIgniter->runController(Object(App\Controllers\AdminController))
 6 SYSTEMPATH\CodeIgniter.php(354): CodeIgniter\CodeIgniter->handleRequest(null, Object(Config\Cache), false)
 7 SYSTEMPATH\Boot.php(334): CodeIgniter\CodeIgniter->run()
 8 SYSTEMPATH\Boot.php(67): CodeIgniter\Boot::runCodeIgniter(Object(CodeIgniter\CodeIgniter))
 9 FCPATH\index.php(56): CodeIgniter\Boot::bootWeb(Object(Config\Paths))
10 SYSTEMPATH\rewrite.php(44): require_once('C:\\BarangayInformationSystem\\public\\index.php')
DEBUG - 2025-05-13 00:16:26 --> Session: Class initialized using 'CodeIgniter\Session\Handlers\FileHandler' driver.
DEBUG - 2025-05-13 00:16:26 --> Fetched items: Array
(
    [0] => Array
        (
            [id] => 1
            [item_name] => RiceaX
            [item_quantity] => 180
            [item_description] => 10kg rice123
            [status] => active
            [created_at] => 2025-05-08 23:22:47
            [updated_at] => 2025-05-09 01:01:06
        )

)

CRITICAL - 2025-05-13 00:16:26 --> ErrorException: Undefined array key "fullname"
[Method: GET, Route: admin/retrieve-distributions]
in APPPATH\Controllers\AdminController.php on line 3206.
 1 APPPATH\Controllers\AdminController.php(3206): CodeIgniter\Debug\Exceptions->errorHandler(2, 'Undefined array key "fullname"', 'C:\\BarangayInformationSystem\\app\\Controllers\\AdminController.php', 3206)
 2 [internal function]: App\Controllers\AdminController->App\Controllers\{closure}([...])
 3 APPPATH\Controllers\AdminController.php(3202): array_map(Object(Closure), [...])
 4 SYSTEMPATH\CodeIgniter.php(933): App\Controllers\AdminController->retrieveDistributions()
 5 SYSTEMPATH\CodeIgniter.php(507): CodeIgniter\CodeIgniter->runController(Object(App\Controllers\AdminController))
 6 SYSTEMPATH\CodeIgniter.php(354): CodeIgniter\CodeIgniter->handleRequest(null, Object(Config\Cache), false)
 7 SYSTEMPATH\Boot.php(334): CodeIgniter\CodeIgniter->run()
 8 SYSTEMPATH\Boot.php(67): CodeIgniter\Boot::runCodeIgniter(Object(CodeIgniter\CodeIgniter))
 9 FCPATH\index.php(56): CodeIgniter\Boot::bootWeb(Object(Config\Paths))
10 SYSTEMPATH\rewrite.php(44): require_once('C:\\BarangayInformationSystem\\public\\index.php')
DEBUG - 2025-05-13 00:16:30 --> Session: Class initialized using 'CodeIgniter\Session\Handlers\FileHandler' driver.
DEBUG - 2025-05-13 00:18:29 --> Session: Class initialized using 'CodeIgniter\Session\Handlers\FileHandler' driver.
DEBUG - 2025-05-13 00:18:30 --> Fetched items: Array
(
    [0] => Array
        (
            [id] => 1
            [item_name] => RiceaX
            [item_quantity] => 180
            [item_description] => 10kg rice123
            [status] => active
            [created_at] => 2025-05-08 23:22:47
            [updated_at] => 2025-05-09 01:01:06
        )

)

CRITICAL - 2025-05-13 00:18:30 --> ErrorException: Undefined array key "fullname"
[Method: GET, Route: admin/retrieve-distributions]
in APPPATH\Controllers\AdminController.php on line 3202.
 1 APPPATH\Controllers\AdminController.php(3202): CodeIgniter\Debug\Exceptions->errorHandler(2, 'Undefined array key "fullname"', 'C:\\BarangayInformationSystem\\app\\Controllers\\AdminController.php', 3202)
 2 [internal function]: App\Controllers\AdminController->App\Controllers\{closure}([...])
 3 APPPATH\Controllers\AdminController.php(3198): array_map(Object(Closure), [...])
 4 SYSTEMPATH\CodeIgniter.php(933): App\Controllers\AdminController->retrieveDistributions()
 5 SYSTEMPATH\CodeIgniter.php(507): CodeIgniter\CodeIgniter->runController(Object(App\Controllers\AdminController))
 6 SYSTEMPATH\CodeIgniter.php(354): CodeIgniter\CodeIgniter->handleRequest(null, Object(Config\Cache), false)
 7 SYSTEMPATH\Boot.php(334): CodeIgniter\CodeIgniter->run()
 8 SYSTEMPATH\Boot.php(67): CodeIgniter\Boot::runCodeIgniter(Object(CodeIgniter\CodeIgniter))
 9 FCPATH\index.php(56): CodeIgniter\Boot::bootWeb(Object(Config\Paths))
10 SYSTEMPATH\rewrite.php(44): require_once('C:\\BarangayInformationSystem\\public\\index.php')
DEBUG - 2025-05-13 00:20:10 --> Session: Class initialized using 'CodeIgniter\Session\Handlers\FileHandler' driver.
DEBUG - 2025-05-13 00:20:11 --> Fetched items: Array
(
    [0] => Array
        (
            [id] => 1
            [item_name] => RiceaX
            [item_quantity] => 180
            [item_description] => 10kg rice123
            [status] => active
            [created_at] => 2025-05-08 23:22:47
            [updated_at] => 2025-05-09 01:01:06
        )

)

CRITICAL - 2025-05-13 00:20:12 --> ErrorException: Undefined array key "fullname"
[Method: GET, Route: admin/retrieve-distributions]
in APPPATH\Controllers\AdminController.php on line 3202.
 1 APPPATH\Controllers\AdminController.php(3202): CodeIgniter\Debug\Exceptions->errorHandler(2, 'Undefined array key "fullname"', 'C:\\BarangayInformationSystem\\app\\Controllers\\AdminController.php', 3202)
 2 [internal function]: App\Controllers\AdminController->App\Controllers\{closure}([...])
 3 APPPATH\Controllers\AdminController.php(3198): array_map(Object(Closure), [...])
 4 SYSTEMPATH\CodeIgniter.php(933): App\Controllers\AdminController->retrieveDistributions()
 5 SYSTEMPATH\CodeIgniter.php(507): CodeIgniter\CodeIgniter->runController(Object(App\Controllers\AdminController))
 6 SYSTEMPATH\CodeIgniter.php(354): CodeIgniter\CodeIgniter->handleRequest(null, Object(Config\Cache), false)
 7 SYSTEMPATH\Boot.php(334): CodeIgniter\CodeIgniter->run()
 8 SYSTEMPATH\Boot.php(67): CodeIgniter\Boot::runCodeIgniter(Object(CodeIgniter\CodeIgniter))
 9 FCPATH\index.php(56): CodeIgniter\Boot::bootWeb(Object(Config\Paths))
10 SYSTEMPATH\rewrite.php(44): require_once('C:\\BarangayInformationSystem\\public\\index.php')
DEBUG - 2025-05-13 00:20:26 --> Session: Class initialized using 'CodeIgniter\Session\Handlers\FileHandler' driver.
DEBUG - 2025-05-13 00:20:27 --> Fetched items: Array
(
    [0] => Array
        (
            [id] => 1
            [item_name] => RiceaX
            [item_quantity] => 175
            [item_description] => 10kg rice123
            [status] => active
            [created_at] => 2025-05-08 23:22:47
            [updated_at] => 2025-05-13 00:20:25
        )

)

CRITICAL - 2025-05-13 00:20:27 --> ErrorException: Undefined array key "fullname"
[Method: GET, Route: admin/retrieve-distributions]
in APPPATH\Controllers\AdminController.php on line 3216.
 1 APPPATH\Controllers\AdminController.php(3216): CodeIgniter\Debug\Exceptions->errorHandler(2, 'Undefined array key "fullname"', 'C:\\BarangayInformationSystem\\app\\Controllers\\AdminController.php', 3216)
 2 [internal function]: App\Controllers\AdminController->App\Controllers\{closure}([...])
 3 APPPATH\Controllers\AdminController.php(3212): array_map(Object(Closure), [...])
 4 SYSTEMPATH\CodeIgniter.php(933): App\Controllers\AdminController->retrieveDistributions()
 5 SYSTEMPATH\CodeIgniter.php(507): CodeIgniter\CodeIgniter->runController(Object(App\Controllers\AdminController))
 6 SYSTEMPATH\CodeIgniter.php(354): CodeIgniter\CodeIgniter->handleRequest(null, Object(Config\Cache), false)
 7 SYSTEMPATH\Boot.php(334): CodeIgniter\CodeIgniter->run()
 8 SYSTEMPATH\Boot.php(67): CodeIgniter\Boot::runCodeIgniter(Object(CodeIgniter\CodeIgniter))
 9 FCPATH\index.php(56): CodeIgniter\Boot::bootWeb(Object(Config\Paths))
10 SYSTEMPATH\rewrite.php(44): require_once('C:\\BarangayInformationSystem\\public\\index.php')
DEBUG - 2025-05-13 00:22:09 --> Session: Class initialized using 'CodeIgniter\Session\Handlers\FileHandler' driver.
DEBUG - 2025-05-13 00:22:10 --> Fetched items: Array
(
    [0] => Array
        (
            [id] => 1
            [item_name] => RiceaX
            [item_quantity] => 175
            [item_description] => 10kg rice123
            [status] => active
            [created_at] => 2025-05-08 23:22:47
            [updated_at] => 2025-05-13 00:20:25
        )

)

DEBUG - 2025-05-13 00:22:26 --> Session: Class initialized using 'CodeIgniter\Session\Handlers\FileHandler' driver.
DEBUG - 2025-05-13 00:22:27 --> Fetched items: Array
(
    [0] => Array
        (
            [id] => 1
            [item_name] => RiceaX
            [item_quantity] => 175
            [item_description] => 10kg rice123
            [status] => active
            [created_at] => 2025-05-08 23:22:47
            [updated_at] => 2025-05-13 00:20:25
        )

)

DEBUG - 2025-05-13 00:23:13 --> Session: Class initialized using 'CodeIgniter\Session\Handlers\FileHandler' driver.
DEBUG - 2025-05-13 00:23:14 --> Fetched items: Array
(
    [0] => Array
        (
            [id] => 1
            [item_name] => RiceaX
            [item_quantity] => 175
            [item_description] => 10kg rice123
            [status] => active
            [created_at] => 2025-05-08 23:22:47
            [updated_at] => 2025-05-13 00:20:25
        )

)

DEBUG - 2025-05-13 00:24:11 --> Session: Class initialized using 'CodeIgniter\Session\Handlers\FileHandler' driver.
DEBUG - 2025-05-13 00:24:11 --> Fetched items: Array
(
    [0] => Array
        (
            [id] => 1
            [item_name] => RiceaX
            [item_quantity] => 175
            [item_description] => 10kg rice123
            [status] => active
            [created_at] => 2025-05-08 23:22:47
            [updated_at] => 2025-05-13 00:20:25
        )

)

DEBUG - 2025-05-13 00:24:59 --> Session: Class initialized using 'CodeIgniter\Session\Handlers\FileHandler' driver.
DEBUG - 2025-05-13 00:24:59 --> Fetched items: Array
(
    [0] => Array
        (
            [id] => 1
            [item_name] => RiceaX
            [item_quantity] => 175
            [item_description] => 10kg rice123
            [status] => active
            [created_at] => 2025-05-08 23:22:47
            [updated_at] => 2025-05-13 00:20:25
        )

)

DEBUG - 2025-05-13 00:25:20 --> Session: Class initialized using 'CodeIgniter\Session\Handlers\FileHandler' driver.
DEBUG - 2025-05-13 00:25:20 --> Fetched items: Array
(
    [0] => Array
        (
            [id] => 1
            [item_name] => RiceaX
            [item_quantity] => 175
            [item_description] => 10kg rice123
            [status] => active
            [created_at] => 2025-05-08 23:22:47
            [updated_at] => 2025-05-13 00:20:25
        )

)

DEBUG - 2025-05-13 00:25:39 --> Session: Class initialized using 'CodeIgniter\Session\Handlers\FileHandler' driver.
DEBUG - 2025-05-13 00:25:39 --> Fetched items: Array
(
    [0] => Array
        (
            [id] => 1
            [item_name] => RiceaX
            [item_quantity] => 175
            [item_description] => 10kg rice123
            [status] => active
            [created_at] => 2025-05-08 23:22:47
            [updated_at] => 2025-05-13 00:20:25
        )

)

DEBUG - 2025-05-13 00:26:15 --> Session: Class initialized using 'CodeIgniter\Session\Handlers\FileHandler' driver.
DEBUG - 2025-05-13 00:26:16 --> Fetched items: Array
(
    [0] => Array
        (
            [id] => 1
            [item_name] => RiceaX
            [item_quantity] => 175
            [item_description] => 10kg rice123
            [status] => active
            [created_at] => 2025-05-08 23:22:47
            [updated_at] => 2025-05-13 00:20:25
        )

)

DEBUG - 2025-05-13 00:27:03 --> Session: Class initialized using 'CodeIgniter\Session\Handlers\FileHandler' driver.
DEBUG - 2025-05-13 00:27:03 --> Fetched items: Array
(
    [0] => Array
        (
            [id] => 1
            [item_name] => RiceaX
            [item_quantity] => 170
            [item_description] => 10kg rice123
            [status] => active
            [created_at] => 2025-05-08 23:22:47
            [updated_at] => 2025-05-13 00:26:24
        )

)

DEBUG - 2025-05-13 00:27:12 --> Fetched items: Array
(
    [0] => Array
        (
            [id] => 1
            [item_name] => RiceaX
            [item_quantity] => 104
            [item_description] => 10kg rice123
            [status] => active
            [created_at] => 2025-05-08 23:22:47
            [updated_at] => 2025-05-13 00:27:12
        )

)

DEBUG - 2025-05-13 00:28:06 --> Session: Class initialized using 'CodeIgniter\Session\Handlers\FileHandler' driver.
DEBUG - 2025-05-13 00:28:07 --> Fetched items: Array
(
    [0] => Array
        (
            [id] => 1
            [item_name] => RiceaX
            [item_quantity] => 104
            [item_description] => 10kg rice123
            [status] => active
            [created_at] => 2025-05-08 23:22:47
            [updated_at] => 2025-05-13 00:27:12
        )

)

DEBUG - 2025-05-13 00:28:15 --> Fetched items: Array
(
    [0] => Array
        (
            [id] => 1
            [item_name] => RiceaX
            [item_quantity] => 100
            [item_description] => 10kg rice123
            [status] => active
            [created_at] => 2025-05-08 23:22:47
            [updated_at] => 2025-05-13 00:28:15
        )

)

DEBUG - 2025-05-13 00:29:19 --> Session: Class initialized using 'CodeIgniter\Session\Handlers\FileHandler' driver.
DEBUG - 2025-05-13 00:29:20 --> Fetched items: Array
(
    [0] => Array
        (
            [id] => 1
            [item_name] => RiceaX
            [item_quantity] => 100
            [item_description] => 10kg rice123
            [status] => active
            [created_at] => 2025-05-08 23:22:47
            [updated_at] => 2025-05-13 00:28:15
        )

)

DEBUG - 2025-05-13 00:29:24 --> Fetched items: Array
(
)

DEBUG - 2025-05-13 00:30:44 --> Session: Class initialized using 'CodeIgniter\Session\Handlers\FileHandler' driver.
DEBUG - 2025-05-13 00:30:45 --> Fetched items: Array
(
)

DEBUG - 2025-05-13 00:31:18 --> Session: Class initialized using 'CodeIgniter\Session\Handlers\FileHandler' driver.
DEBUG - 2025-05-13 00:31:19 --> Fetched items: Array
(
    [0] => Array
        (
            [id] => 1
            [item_name] => RiceaX
            [item_quantity] => 25
            [item_description] => 10kg rice123
            [status] => active
            [created_at] => 2025-05-08 23:22:47
            [updated_at] => 2025-05-13 00:29:24
        )

)

DEBUG - 2025-05-13 00:32:14 --> Session: Class initialized using 'CodeIgniter\Session\Handlers\FileHandler' driver.
DEBUG - 2025-05-13 00:32:15 --> Fetched items: Array
(
    [0] => Array
        (
            [id] => 1
            [item_name] => RiceaX
            [item_quantity] => 25
            [item_description] => 10kg rice123
            [status] => active
            [created_at] => 2025-05-08 23:22:47
            [updated_at] => 2025-05-13 00:29:24
        )

)

DEBUG - 2025-05-13 00:32:22 --> Fetched items: Array
(
    [0] => Array
        (
            [id] => 1
            [item_name] => RiceaX
            [item_quantity] => 25
            [item_description] => 10kg rice123
            [status] => active
            [created_at] => 2025-05-08 23:22:47
            [updated_at] => 2025-05-13 00:29:24
        )

)

DEBUG - 2025-05-13 00:32:31 --> Session: Class initialized using 'CodeIgniter\Session\Handlers\FileHandler' driver.
DEBUG - 2025-05-13 00:32:32 --> Fetched items: Array
(
    [0] => Array
        (
            [id] => 1
            [item_name] => RiceaX
            [item_quantity] => 25
            [item_description] => 10kg rice123
            [status] => active
            [created_at] => 2025-05-08 23:22:47
            [updated_at] => 2025-05-13 00:29:24
        )

)

DEBUG - 2025-05-13 00:32:58 --> Session: Class initialized using 'CodeIgniter\Session\Handlers\FileHandler' driver.
DEBUG - 2025-05-13 00:32:59 --> Fetched items: Array
(
    [0] => Array
        (
            [id] => 1
            [item_name] => RiceaX
            [item_quantity] => 25
            [item_description] => 10kg rice123
            [status] => active
            [created_at] => 2025-05-08 23:22:47
            [updated_at] => 2025-05-13 00:29:24
        )

)

DEBUG - 2025-05-13 00:33:04 --> Fetched items: Array
(
    [0] => Array
        (
            [id] => 1
            [item_name] => RiceaX
            [item_quantity] => 23
            [item_description] => 10kg rice123
            [status] => active
            [created_at] => 2025-05-08 23:22:47
            [updated_at] => 2025-05-13 00:33:04
        )

)

DEBUG - 2025-05-13 00:33:59 --> Session: Class initialized using 'CodeIgniter\Session\Handlers\FileHandler' driver.
DEBUG - 2025-05-13 00:34:00 --> Fetched items: Array
(
    [0] => Array
        (
            [id] => 1
            [item_name] => RiceaX
            [item_quantity] => 23
            [item_description] => 10kg rice123
            [status] => active
            [created_at] => 2025-05-08 23:22:47
            [updated_at] => 2025-05-13 00:33:04
        )

)

DEBUG - 2025-05-13 00:34:07 --> Fetched items: Array
(
    [0] => Array
        (
            [id] => 1
            [item_name] => RiceaX
            [item_quantity] => 11
            [item_description] => 10kg rice123
            [status] => active
            [created_at] => 2025-05-08 23:22:47
            [updated_at] => 2025-05-13 00:34:07
        )

)

DEBUG - 2025-05-13 00:34:26 --> Fetched items: Array
(
    [0] => Array
        (
            [id] => 1
            [item_name] => RiceaX
            [item_quantity] => 11
            [item_description] => 10kg rice123
            [status] => active
            [created_at] => 2025-05-08 23:22:47
            [updated_at] => 2025-05-13 00:34:07
        )

)

DEBUG - 2025-05-13 00:34:29 --> Session: Class initialized using 'CodeIgniter\Session\Handlers\FileHandler' driver.
DEBUG - 2025-05-13 00:34:29 --> Fetched items: Array
(
    [0] => Array
        (
            [id] => 1
            [item_name] => RiceaX
            [item_quantity] => 11
            [item_description] => 10kg rice123
            [status] => active
            [created_at] => 2025-05-08 23:22:47
            [updated_at] => 2025-05-13 00:34:07
        )

)

DEBUG - 2025-05-13 00:35:20 --> Session: Class initialized using 'CodeIgniter\Session\Handlers\FileHandler' driver.
DEBUG - 2025-05-13 00:35:20 --> Fetched items: Array
(
    [0] => Array
        (
            [id] => 1
            [item_name] => RiceaX
            [item_quantity] => 11
            [item_description] => 10kg rice123
            [status] => active
            [created_at] => 2025-05-08 23:22:47
            [updated_at] => 2025-05-13 00:34:07
        )

)

DEBUG - 2025-05-13 00:35:36 --> Fetched items: Array
(
)

DEBUG - 2025-05-13 00:35:49 --> Session: Class initialized using 'CodeIgniter\Session\Handlers\FileHandler' driver.
DEBUG - 2025-05-13 00:35:53 --> Session: Class initialized using 'CodeIgniter\Session\Handlers\FileHandler' driver.
DEBUG - 2025-05-13 00:35:54 --> Fetched items: Array
(
    [0] => Array
        (
            [id] => 1
            [item_name] => RiceaX
            [item_quantity] => 50
            [item_description] => 10kg rice123
            [status] => active
            [created_at] => 2025-05-08 23:22:47
            [updated_at] => 2025-05-13 00:35:49
        )

)

DEBUG - 2025-05-13 00:35:57 --> Session: Class initialized using 'CodeIgniter\Session\Handlers\FileHandler' driver.
DEBUG - 2025-05-13 00:35:58 --> Fetched items: Array
(
    [0] => Array
        (
            [id] => 1
            [item_name] => RiceaX
            [item_quantity] => 50
            [item_description] => 10kg rice123
            [status] => active
            [created_at] => 2025-05-08 23:22:47
            [updated_at] => 2025-05-13 00:35:49
        )

)

DEBUG - 2025-05-13 00:36:18 --> Session: Class initialized using 'CodeIgniter\Session\Handlers\FileHandler' driver.
DEBUG - 2025-05-13 00:36:19 --> Fetched items: Array
(
    [0] => Array
        (
            [id] => 1
            [item_name] => RiceaX
            [item_quantity] => 50
            [item_description] => 10kg rice123
            [status] => active
            [created_at] => 2025-05-08 23:22:47
            [updated_at] => 2025-05-13 00:35:49
        )

)

DEBUG - 2025-05-13 00:37:30 --> Session: Class initialized using 'CodeIgniter\Session\Handlers\FileHandler' driver.
DEBUG - 2025-05-13 00:37:31 --> Fetched items: Array
(
    [0] => Array
        (
            [id] => 1
            [item_name] => RiceaX
            [item_quantity] => 50
            [item_description] => 10kg rice123
            [status] => active
            [created_at] => 2025-05-08 23:22:47
            [updated_at] => 2025-05-13 00:35:49
        )

    [1] => Array
        (
            [id] => 2
            [item_name] => Coffee
            [item_quantity] => 25
            [item_description] => Coffe 3-1
            [status] => active
            [created_at] => 2025-05-13 00:36:36
            [updated_at] => 2025-05-13 00:36:36
        )

)

DEBUG - 2025-05-13 00:37:55 --> Session: Class initialized using 'CodeIgniter\Session\Handlers\FileHandler' driver.
DEBUG - 2025-05-13 00:37:56 --> Fetched items: Array
(
    [0] => Array
        (
            [id] => 1
            [item_name] => RiceaX
            [item_quantity] => 50
            [item_description] => 10kg rice123
            [status] => active
            [created_at] => 2025-05-08 23:22:47
            [updated_at] => 2025-05-13 00:35:49
        )

    [1] => Array
        (
            [id] => 2
            [item_name] => Coffee
            [item_quantity] => 25
            [item_description] => Coffe 3-1
            [status] => active
            [created_at] => 2025-05-13 00:36:36
            [updated_at] => 2025-05-13 00:36:36
        )

)

DEBUG - 2025-05-13 00:38:15 --> Session: Class initialized using 'CodeIgniter\Session\Handlers\FileHandler' driver.
DEBUG - 2025-05-13 00:38:48 --> Session: Class initialized using 'CodeIgniter\Session\Handlers\FileHandler' driver.
DEBUG - 2025-05-13 00:38:49 --> Fetched items: Array
(
    [0] => Array
        (
            [id] => 1
            [item_name] => RiceaX
            [item_quantity] => 50
            [item_description] => 10kg rice123
            [status] => active
            [created_at] => 2025-05-08 23:22:47
            [updated_at] => 2025-05-13 00:35:49
        )

    [1] => Array
        (
            [id] => 2
            [item_name] => Coffee
            [item_quantity] => 25
            [item_description] => Coffe 3-1
            [status] => active
            [created_at] => 2025-05-13 00:36:36
            [updated_at] => 2025-05-13 00:36:36
        )

    [2] => Array
        (
            [id] => 3
            [item_name] => Water
            [item_quantity] => 48
            [item_description] => Gallon
            [status] => active
            [created_at] => 2025-05-13 00:38:06
            [updated_at] => 2025-05-13 00:38:15
        )

)

DEBUG - 2025-05-13 00:39:19 --> Session: Class initialized using 'CodeIgniter\Session\Handlers\FileHandler' driver.
DEBUG - 2025-05-13 00:39:21 --> Fetched items: Array
(
    [0] => Array
        (
            [id] => 1
            [item_name] => RiceaX
            [item_quantity] => 50
            [item_description] => 10kg rice123
            [status] => active
            [created_at] => 2025-05-08 23:22:47
            [updated_at] => 2025-05-13 00:35:49
        )

    [1] => Array
        (
            [id] => 2
            [item_name] => Coffee
            [item_quantity] => 25
            [item_description] => Coffe 3-1
            [status] => active
            [created_at] => 2025-05-13 00:36:36
            [updated_at] => 2025-05-13 00:36:36
        )

    [2] => Array
        (
            [id] => 3
            [item_name] => Water
            [item_quantity] => 48
            [item_description] => Gallon
            [status] => active
            [created_at] => 2025-05-13 00:38:06
            [updated_at] => 2025-05-13 00:38:15
        )

)

DEBUG - 2025-05-13 00:39:22 --> Session: Class initialized using 'CodeIgniter\Session\Handlers\FileHandler' driver.
DEBUG - 2025-05-13 00:40:10 --> Session: Class initialized using 'CodeIgniter\Session\Handlers\FileHandler' driver.
DEBUG - 2025-05-13 00:40:11 --> Fetched items: Array
(
    [0] => Array
        (
            [id] => 1
            [item_name] => RiceaX
            [item_quantity] => 50
            [item_description] => 10kg rice123
            [status] => active
            [created_at] => 2025-05-08 23:22:47
            [updated_at] => 2025-05-13 00:35:49
        )

    [1] => Array
        (
            [id] => 2
            [item_name] => Coffee
            [item_quantity] => 25
            [item_description] => Coffe 3-1
            [status] => active
            [created_at] => 2025-05-13 00:36:36
            [updated_at] => 2025-05-13 00:36:36
        )

    [2] => Array
        (
            [id] => 3
            [item_name] => Water
            [item_quantity] => 48
            [item_description] => Gallon
            [status] => active
            [created_at] => 2025-05-13 00:38:06
            [updated_at] => 2025-05-13 00:38:15
        )

)

DEBUG - 2025-05-13 00:40:39 --> Fetched items: Array
(
    [0] => Array
        (
            [id] => 1
            [item_name] => RiceaX
            [item_quantity] => 49
            [item_description] => 10kg rice123
            [status] => active
            [created_at] => 2025-05-08 23:22:47
            [updated_at] => 2025-05-13 00:40:39
        )

    [1] => Array
        (
            [id] => 2
            [item_name] => Coffee
            [item_quantity] => 25
            [item_description] => Coffe 3-1
            [status] => active
            [created_at] => 2025-05-13 00:36:36
            [updated_at] => 2025-05-13 00:36:36
        )

    [2] => Array
        (
            [id] => 3
            [item_name] => Water
            [item_quantity] => 48
            [item_description] => Gallon
            [status] => active
            [created_at] => 2025-05-13 00:38:06
            [updated_at] => 2025-05-13 00:38:15
        )

)

DEBUG - 2025-05-13 00:41:44 --> Session: Class initialized using 'CodeIgniter\Session\Handlers\FileHandler' driver.
DEBUG - 2025-05-13 00:41:45 --> Fetched items: Array
(
    [0] => Array
        (
            [id] => 1
            [item_name] => RiceaX
            [item_quantity] => 49
            [item_description] => 10kg rice123
            [status] => active
            [created_at] => 2025-05-08 23:22:47
            [updated_at] => 2025-05-13 00:40:39
        )

    [1] => Array
        (
            [id] => 2
            [item_name] => Coffee
            [item_quantity] => 25
            [item_description] => Coffe 3-1
            [status] => active
            [created_at] => 2025-05-13 00:36:36
            [updated_at] => 2025-05-13 00:36:36
        )

    [2] => Array
        (
            [id] => 3
            [item_name] => Water
            [item_quantity] => 48
            [item_description] => Gallon
            [status] => active
            [created_at] => 2025-05-13 00:38:06
            [updated_at] => 2025-05-13 00:38:15
        )

)

DEBUG - 2025-05-13 00:41:50 --> Fetched items: Array
(
    [0] => Array
        (
            [id] => 1
            [item_name] => RiceaX
            [item_quantity] => 43
            [item_description] => 10kg rice123
            [status] => active
            [created_at] => 2025-05-08 23:22:47
            [updated_at] => 2025-05-13 00:41:50
        )

    [1] => Array
        (
            [id] => 2
            [item_name] => Coffee
            [item_quantity] => 25
            [item_description] => Coffe 3-1
            [status] => active
            [created_at] => 2025-05-13 00:36:36
            [updated_at] => 2025-05-13 00:36:36
        )

    [2] => Array
        (
            [id] => 3
            [item_name] => Water
            [item_quantity] => 48
            [item_description] => Gallon
            [status] => active
            [created_at] => 2025-05-13 00:38:06
            [updated_at] => 2025-05-13 00:38:15
        )

)

DEBUG - 2025-05-13 00:45:23 --> Session: Class initialized using 'CodeIgniter\Session\Handlers\FileHandler' driver.
DEBUG - 2025-05-13 00:45:24 --> Fetched items: Array
(
    [0] => Array
        (
            [id] => 1
            [item_name] => RiceaX
            [item_quantity] => 43
            [item_description] => 10kg rice123
            [status] => active
            [created_at] => 2025-05-08 23:22:47
            [updated_at] => 2025-05-13 00:41:50
        )

    [1] => Array
        (
            [id] => 2
            [item_name] => Coffee
            [item_quantity] => 25
            [item_description] => Coffe 3-1
            [status] => active
            [created_at] => 2025-05-13 00:36:36
            [updated_at] => 2025-05-13 00:36:36
        )

    [2] => Array
        (
            [id] => 3
            [item_name] => Water
            [item_quantity] => 48
            [item_description] => Gallon
            [status] => active
            [created_at] => 2025-05-13 00:38:06
            [updated_at] => 2025-05-13 00:38:15
        )

)

DEBUG - 2025-05-13 00:45:59 --> Session: Class initialized using 'CodeIgniter\Session\Handlers\FileHandler' driver.
DEBUG - 2025-05-13 00:46:00 --> Fetched items: Array
(
    [0] => Array
        (
            [id] => 1
            [item_name] => RiceaX
            [item_quantity] => 43
            [item_description] => 10kg rice123
            [status] => active
            [created_at] => 2025-05-08 23:22:47
            [updated_at] => 2025-05-13 00:41:50
        )

    [1] => Array
        (
            [id] => 2
            [item_name] => Coffee
            [item_quantity] => 25
            [item_description] => Coffe 3-1
            [status] => active
            [created_at] => 2025-05-13 00:36:36
            [updated_at] => 2025-05-13 00:36:36
        )

    [2] => Array
        (
            [id] => 3
            [item_name] => Water
            [item_quantity] => 48
            [item_description] => Gallon
            [status] => active
            [created_at] => 2025-05-13 00:38:06
            [updated_at] => 2025-05-13 00:38:15
        )

)

DEBUG - 2025-05-13 00:49:15 --> Session: Class initialized using 'CodeIgniter\Session\Handlers\FileHandler' driver.
DEBUG - 2025-05-13 00:51:14 --> Session: Class initialized using 'CodeIgniter\Session\Handlers\FileHandler' driver.
DEBUG - 2025-05-13 00:51:17 --> Session: Class initialized using 'CodeIgniter\Session\Handlers\FileHandler' driver.
DEBUG - 2025-05-13 00:51:20 --> Session: Class initialized using 'CodeIgniter\Session\Handlers\FileHandler' driver.
DEBUG - 2025-05-13 00:52:00 --> Session: Class initialized using 'CodeIgniter\Session\Handlers\FileHandler' driver.
DEBUG - 2025-05-13 00:52:04 --> Session: Class initialized using 'CodeIgniter\Session\Handlers\FileHandler' driver.
DEBUG - 2025-05-13 00:52:04 --> Session: Class initialized using 'CodeIgniter\Session\Handlers\FileHandler' driver.
DEBUG - 2025-05-13 00:52:08 --> Session: Class initialized using 'CodeIgniter\Session\Handlers\FileHandler' driver.
DEBUG - 2025-05-13 00:52:08 --> Session: Class initialized using 'CodeIgniter\Session\Handlers\FileHandler' driver.
DEBUG - 2025-05-13 00:57:26 --> Session: Class initialized using 'CodeIgniter\Session\Handlers\FileHandler' driver.
DEBUG - 2025-05-13 00:57:27 --> Fetched items: Array
(
    [0] => Array
        (
            [id] => 1
            [item_name] => RiceaX
            [item_quantity] => 43
            [item_description] => 10kg rice123
            [status] => active
            [created_at] => 2025-05-08 23:22:47
            [updated_at] => 2025-05-13 00:41:50
        )

    [1] => Array
        (
            [id] => 2
            [item_name] => Coffee
            [item_quantity] => 25
            [item_description] => Coffe 3-1
            [status] => active
            [created_at] => 2025-05-13 00:36:36
            [updated_at] => 2025-05-13 00:36:36
        )

    [2] => Array
        (
            [id] => 3
            [item_name] => Water
            [item_quantity] => 48
            [item_description] => Gallon
            [status] => active
            [created_at] => 2025-05-13 00:38:06
            [updated_at] => 2025-05-13 00:38:15
        )

)

DEBUG - 2025-05-13 00:57:47 --> Fetched items: Array
(
    [0] => Array
        (
            [id] => 1
            [item_name] => RiceaX
            [item_quantity] => 42
            [item_description] => 10kg rice123
            [status] => active
            [created_at] => 2025-05-08 23:22:47
            [updated_at] => 2025-05-13 00:57:47
        )

    [1] => Array
        (
            [id] => 2
            [item_name] => Coffee
            [item_quantity] => 25
            [item_description] => Coffe 3-1
            [status] => active
            [created_at] => 2025-05-13 00:36:36
            [updated_at] => 2025-05-13 00:36:36
        )

    [2] => Array
        (
            [id] => 3
            [item_name] => Water
            [item_quantity] => 48
            [item_description] => Gallon
            [status] => active
            [created_at] => 2025-05-13 00:38:06
            [updated_at] => 2025-05-13 00:38:15
        )

)

DEBUG - 2025-05-13 00:57:49 --> Session: Class initialized using 'CodeIgniter\Session\Handlers\FileHandler' driver.
DEBUG - 2025-05-13 00:57:50 --> Fetched items: Array
(
    [0] => Array
        (
            [id] => 1
            [item_name] => RiceaX
            [item_quantity] => 42
            [item_description] => 10kg rice123
            [status] => active
            [created_at] => 2025-05-08 23:22:47
            [updated_at] => 2025-05-13 00:57:47
        )

    [1] => Array
        (
            [id] => 2
            [item_name] => Coffee
            [item_quantity] => 25
            [item_description] => Coffe 3-1
            [status] => active
            [created_at] => 2025-05-13 00:36:36
            [updated_at] => 2025-05-13 00:36:36
        )

    [2] => Array
        (
            [id] => 3
            [item_name] => Water
            [item_quantity] => 48
            [item_description] => Gallon
            [status] => active
            [created_at] => 2025-05-13 00:38:06
            [updated_at] => 2025-05-13 00:38:15
        )

)

DEBUG - 2025-05-13 00:58:08 --> Session: Class initialized using 'CodeIgniter\Session\Handlers\FileHandler' driver.
DEBUG - 2025-05-13 00:58:08 --> Fetched items: Array
(
    [0] => Array
        (
            [id] => 1
            [item_name] => RiceaX
            [item_quantity] => 42
            [item_description] => 10kg rice123
            [status] => active
            [created_at] => 2025-05-08 23:22:47
            [updated_at] => 2025-05-13 00:57:47
        )

    [1] => Array
        (
            [id] => 2
            [item_name] => Coffee
            [item_quantity] => 25
            [item_description] => Coffe 3-1
            [status] => active
            [created_at] => 2025-05-13 00:36:36
            [updated_at] => 2025-05-13 00:36:36
        )

    [2] => Array
        (
            [id] => 3
            [item_name] => Water
            [item_quantity] => 48
            [item_description] => Gallon
            [status] => active
            [created_at] => 2025-05-13 00:38:06
            [updated_at] => 2025-05-13 00:38:15
        )

)

DEBUG - 2025-05-13 00:59:20 --> Session: Class initialized using 'CodeIgniter\Session\Handlers\FileHandler' driver.
DEBUG - 2025-05-13 00:59:20 --> Fetched items: Array
(
    [0] => Array
        (
            [id] => 1
            [item_name] => RiceaX
            [item_quantity] => 42
            [item_description] => 10kg rice123
            [status] => active
            [created_at] => 2025-05-08 23:22:47
            [updated_at] => 2025-05-13 00:57:47
        )

    [1] => Array
        (
            [id] => 2
            [item_name] => Coffee
            [item_quantity] => 25
            [item_description] => Coffe 3-1
            [status] => active
            [created_at] => 2025-05-13 00:36:36
            [updated_at] => 2025-05-13 00:36:36
        )

    [2] => Array
        (
            [id] => 3
            [item_name] => Water
            [item_quantity] => 48
            [item_description] => Gallon
            [status] => active
            [created_at] => 2025-05-13 00:38:06
            [updated_at] => 2025-05-13 00:38:15
        )

)

DEBUG - 2025-05-13 00:59:43 --> Session: Class initialized using 'CodeIgniter\Session\Handlers\FileHandler' driver.
DEBUG - 2025-05-13 00:59:43 --> Fetched items: Array
(
    [0] => Array
        (
            [id] => 1
            [item_name] => RiceaX
            [item_quantity] => 42
            [item_description] => 10kg rice123
            [status] => active
            [created_at] => 2025-05-08 23:22:47
            [updated_at] => 2025-05-13 00:57:47
        )

    [1] => Array
        (
            [id] => 2
            [item_name] => Coffee
            [item_quantity] => 25
            [item_description] => Coffe 3-1
            [status] => active
            [created_at] => 2025-05-13 00:36:36
            [updated_at] => 2025-05-13 00:36:36
        )

    [2] => Array
        (
            [id] => 3
            [item_name] => Water
            [item_quantity] => 48
            [item_description] => Gallon
            [status] => active
            [created_at] => 2025-05-13 00:38:06
            [updated_at] => 2025-05-13 00:38:15
        )

)

DEBUG - 2025-05-13 08:06:30 --> Session: Class initialized using 'CodeIgniter\Session\Handlers\FileHandler' driver.
DEBUG - 2025-05-13 08:06:38 --> Session: Class initialized using 'CodeIgniter\Session\Handlers\FileHandler' driver.
DEBUG - 2025-05-13 08:06:39 --> Session: Class initialized using 'CodeIgniter\Session\Handlers\FileHandler' driver.
DEBUG - 2025-05-13 08:06:46 --> Session: Class initialized using 'CodeIgniter\Session\Handlers\FileHandler' driver.
DEBUG - 2025-05-13 08:06:46 --> Fetched items: Array
(
    [0] => Array
        (
            [id] => 1
            [item_name] => Rice
            [item_quantity] => 1
            [item_description] => Sacks of rice
            [status] => active
            [created_at] => 2025-05-12 21:56:03
            [updated_at] => 2025-05-13 00:54:44
        )

)

DEBUG - 2025-05-13 08:07:44 --> Session: Class initialized using 'CodeIgniter\Session\Handlers\FileHandler' driver.
DEBUG - 2025-05-13 08:07:45 --> Fetched items: Array
(
    [0] => Array
        (
            [id] => 1
            [item_name] => Rice
            [item_quantity] => 1
            [item_description] => Sacks of rice
            [status] => active
            [created_at] => 2025-05-12 21:56:03
            [updated_at] => 2025-05-13 00:54:44
        )

)

DEBUG - 2025-05-13 08:07:58 --> Session: Class initialized using 'CodeIgniter\Session\Handlers\FileHandler' driver.
DEBUG - 2025-05-13 08:08:01 --> Fetched items: Array
(
    [0] => Array
        (
            [id] => 1
            [item_name] => Rice
            [item_quantity] => 7
            [item_description] => Sacks of rice
            [status] => active
            [created_at] => 2025-05-12 21:56:03
            [updated_at] => 2025-05-13 08:07:58
        )

)

DEBUG - 2025-05-13 08:08:39 --> Session: Class initialized using 'CodeIgniter\Session\Handlers\FileHandler' driver.
ERROR - 2025-05-13 08:09:49 --> mysqli_sql_exception: Unknown column 'complainant_signature' in 'field list' in C:\barangayInformationSystem\system\Database\MySQLi\Connection.php:327
Stack trace:
#0 C:\barangayInformationSystem\system\Database\MySQLi\Connection.php(327): mysqli->query('INSERT INTO `tb...', 0)
#1 C:\barangayInformationSystem\system\Database\BaseConnection.php(738): CodeIgniter\Database\MySQLi\Connection->execute('INSERT INTO `tb...')
#2 C:\barangayInformationSystem\system\Database\BaseConnection.php(652): CodeIgniter\Database\BaseConnection->simpleQuery('INSERT INTO `tb...')
#3 C:\barangayInformationSystem\system\Database\BaseBuilder.php(2345): CodeIgniter\Database\BaseConnection->query('INSERT INTO `tb...', Array, false)
#4 C:\barangayInformationSystem\system\Model.php(394): CodeIgniter\Database\BaseBuilder->insert()
#5 C:\barangayInformationSystem\system\BaseModel.php(839): CodeIgniter\Model->doInsert(Array)
#6 C:\barangayInformationSystem\system\Model.php(800): CodeIgniter\BaseModel->insert(Array, false)
#7 C:\barangayInformationSystem\system\BaseModel.php(750): CodeIgniter\Model->insert(Array, false)
#8 C:\barangayInformationSystem\app\Controllers\AdminController.php(1815): CodeIgniter\BaseModel->save(Array)
#9 C:\barangayInformationSystem\system\CodeIgniter.php(933): App\Controllers\AdminController->createComplaint()
#10 C:\barangayInformationSystem\system\CodeIgniter.php(507): CodeIgniter\CodeIgniter->runController(Object(App\Controllers\AdminController))
#11 C:\barangayInformationSystem\system\CodeIgniter.php(354): CodeIgniter\CodeIgniter->handleRequest(NULL, Object(Config\Cache), false)
#12 C:\barangayInformationSystem\system\Boot.php(334): CodeIgniter\CodeIgniter->run()
#13 C:\barangayInformationSystem\system\Boot.php(67): CodeIgniter\Boot::runCodeIgniter(Object(CodeIgniter\CodeIgniter))
#14 C:\barangayInformationSystem\public\index.php(56): CodeIgniter\Boot::bootWeb(Object(Config\Paths))
#15 C:\barangayInformationSystem\system\rewrite.php(44): require_once('C:\\barangayInfo...')
#16 {main}
CRITICAL - 2025-05-13 08:09:49 --> CodeIgniter\Database\Exceptions\DatabaseException: Unknown column 'complainant_signature' in 'field list'
[Method: POST, Route: admin/create-complaint]
in SYSTEMPATH\Database\BaseConnection.php on line 692.
 1 SYSTEMPATH\Database\BaseBuilder.php(2345): CodeIgniter\Database\BaseConnection->query('INSERT INTO `tbl_complaint` (`complainant_id`, `complainant_name`, `complain_against`, `complain_against_id`, `date`, `complain_title`, `complain_details`, `type_of_complaint`, `complainant_age`, `complainant_address`, `location_of_incident`, `barangay_action`, `complainant_signature`, `complainee_signature`, `status`, `created_at`, `updated_at`) VALUES (:complainant_id:, :complainant_name:, :complain_against:, :complain_against_id:, :date:, :complain_title:, :complain_details:, :type_of_complaint:, :complainant_age:, :complainant_address:, :location_of_incident:, :barangay_action:, :complainant_signature:, :complainee_signature:, :status:, :created_at:, :updated_at:)', [...], false)
 2 SYSTEMPATH\Model.php(394): CodeIgniter\Database\BaseBuilder->insert()
 3 SYSTEMPATH\BaseModel.php(839): CodeIgniter\Model->doInsert([...])
 4 SYSTEMPATH\Model.php(800): CodeIgniter\BaseModel->insert([...], false)
 5 SYSTEMPATH\BaseModel.php(750): CodeIgniter\Model->insert([...], false)
 6 APPPATH\Controllers\AdminController.php(1815): CodeIgniter\BaseModel->save([...])
 7 SYSTEMPATH\CodeIgniter.php(933): App\Controllers\AdminController->createComplaint()
 8 SYSTEMPATH\CodeIgniter.php(507): CodeIgniter\CodeIgniter->runController(Object(App\Controllers\AdminController))
 9 SYSTEMPATH\CodeIgniter.php(354): CodeIgniter\CodeIgniter->handleRequest(null, Object(Config\Cache), false)
10 SYSTEMPATH\Boot.php(334): CodeIgniter\CodeIgniter->run()
11 SYSTEMPATH\Boot.php(67): CodeIgniter\Boot::runCodeIgniter(Object(CodeIgniter\CodeIgniter))
12 FCPATH\index.php(56): CodeIgniter\Boot::bootWeb(Object(Config\Paths))
13 SYSTEMPATH\rewrite.php(44): require_once('C:\\barangayInformationSystem\\public\\index.php')
CRITICAL - 2025-05-13 08:09:49 --> [Caused by] CodeIgniter\Database\Exceptions\DatabaseException: Unknown column 'complainant_signature' in 'field list'
in SYSTEMPATH\Database\MySQLi\Connection.php on line 332.
 1 SYSTEMPATH\Database\BaseConnection.php(738): CodeIgniter\Database\MySQLi\Connection->execute('INSERT INTO `tbl_complaint` (`complainant_id`, `complainant_name`, `complain_against`, `complain_against_id`, `date`, `complain_title`, `complain_details`, `type_of_complaint`, `complainant_age`, `complainant_address`, `location_of_incident`, `barangay_action`, `complainant_signature`, `complainee_signature`, `status`, `created_at`, `updated_at`) VALUES (NULL, \'Johhny\', \'Jane\', NULL, \'2025-05-13\', \'Noisy Construction\', \'Midnight land development\', \'blotter\', \'29\', \'Lipata Street\', \'Lipata Street\', \'Discuss\', \'1747094989_c96fa8349d51556f494c.png\', \'1747094989_b81fd539678df548d4d2.png\', 0, \'2025-05-13 08:09:49\', \'2025-05-13 08:09:49\')')
 2 SYSTEMPATH\Database\BaseConnection.php(652): CodeIgniter\Database\BaseConnection->simpleQuery('INSERT INTO `tbl_complaint` (`complainant_id`, `complainant_name`, `complain_against`, `complain_against_id`, `date`, `complain_title`, `complain_details`, `type_of_complaint`, `complainant_age`, `complainant_address`, `location_of_incident`, `barangay_action`, `complainant_signature`, `complainee_signature`, `status`, `created_at`, `updated_at`) VALUES (NULL, \'Johhny\', \'Jane\', NULL, \'2025-05-13\', \'Noisy Construction\', \'Midnight land development\', \'blotter\', \'29\', \'Lipata Street\', \'Lipata Street\', \'Discuss\', \'1747094989_c96fa8349d51556f494c.png\', \'1747094989_b81fd539678df548d4d2.png\', 0, \'2025-05-13 08:09:49\', \'2025-05-13 08:09:49\')')
 3 SYSTEMPATH\Database\BaseBuilder.php(2345): CodeIgniter\Database\BaseConnection->query('INSERT INTO `tbl_complaint` (`complainant_id`, `complainant_name`, `complain_against`, `complain_against_id`, `date`, `complain_title`, `complain_details`, `type_of_complaint`, `complainant_age`, `complainant_address`, `location_of_incident`, `barangay_action`, `complainant_signature`, `complainee_signature`, `status`, `created_at`, `updated_at`) VALUES (:complainant_id:, :complainant_name:, :complain_against:, :complain_against_id:, :date:, :complain_title:, :complain_details:, :type_of_complaint:, :complainant_age:, :complainant_address:, :location_of_incident:, :barangay_action:, :complainant_signature:, :complainee_signature:, :status:, :created_at:, :updated_at:)', [...], false)
 4 SYSTEMPATH\Model.php(394): CodeIgniter\Database\BaseBuilder->insert()
 5 SYSTEMPATH\BaseModel.php(839): CodeIgniter\Model->doInsert([...])
 6 SYSTEMPATH\Model.php(800): CodeIgniter\BaseModel->insert([...], false)
 7 SYSTEMPATH\BaseModel.php(750): CodeIgniter\Model->insert([...], false)
 8 APPPATH\Controllers\AdminController.php(1815): CodeIgniter\BaseModel->save([...])
 9 SYSTEMPATH\CodeIgniter.php(933): App\Controllers\AdminController->createComplaint()
10 SYSTEMPATH\CodeIgniter.php(507): CodeIgniter\CodeIgniter->runController(Object(App\Controllers\AdminController))
11 SYSTEMPATH\CodeIgniter.php(354): CodeIgniter\CodeIgniter->handleRequest(null, Object(Config\Cache), false)
12 SYSTEMPATH\Boot.php(334): CodeIgniter\CodeIgniter->run()
13 SYSTEMPATH\Boot.php(67): CodeIgniter\Boot::runCodeIgniter(Object(CodeIgniter\CodeIgniter))
14 FCPATH\index.php(56): CodeIgniter\Boot::bootWeb(Object(Config\Paths))
15 SYSTEMPATH\rewrite.php(44): require_once('C:\\barangayInformationSystem\\public\\index.php')
CRITICAL - 2025-05-13 08:09:49 --> [Caused by] mysqli_sql_exception: Unknown column 'complainant_signature' in 'field list'
in SYSTEMPATH\Database\MySQLi\Connection.php on line 327.
 1 SYSTEMPATH\Database\MySQLi\Connection.php(327): mysqli->query('INSERT INTO `tbl_complaint` (`complainant_id`, `complainant_name`, `complain_against`, `complain_against_id`, `date`, `complain_title`, `complain_details`, `type_of_complaint`, `complainant_age`, `complainant_address`, `location_of_incident`, `barangay_action`, `complainant_signature`, `complainee_signature`, `status`, `created_at`, `updated_at`) VALUES (NULL, \'Johhny\', \'Jane\', NULL, \'2025-05-13\', \'Noisy Construction\', \'Midnight land development\', \'blotter\', \'29\', \'Lipata Street\', \'Lipata Street\', \'Discuss\', \'1747094989_c96fa8349d51556f494c.png\', \'1747094989_b81fd539678df548d4d2.png\', 0, \'2025-05-13 08:09:49\', \'2025-05-13 08:09:49\')', 0)
 2 SYSTEMPATH\Database\BaseConnection.php(738): CodeIgniter\Database\MySQLi\Connection->execute('INSERT INTO `tbl_complaint` (`complainant_id`, `complainant_name`, `complain_against`, `complain_against_id`, `date`, `complain_title`, `complain_details`, `type_of_complaint`, `complainant_age`, `complainant_address`, `location_of_incident`, `barangay_action`, `complainant_signature`, `complainee_signature`, `status`, `created_at`, `updated_at`) VALUES (NULL, \'Johhny\', \'Jane\', NULL, \'2025-05-13\', \'Noisy Construction\', \'Midnight land development\', \'blotter\', \'29\', \'Lipata Street\', \'Lipata Street\', \'Discuss\', \'1747094989_c96fa8349d51556f494c.png\', \'1747094989_b81fd539678df548d4d2.png\', 0, \'2025-05-13 08:09:49\', \'2025-05-13 08:09:49\')')
 3 SYSTEMPATH\Database\BaseConnection.php(652): CodeIgniter\Database\BaseConnection->simpleQuery('INSERT INTO `tbl_complaint` (`complainant_id`, `complainant_name`, `complain_against`, `complain_against_id`, `date`, `complain_title`, `complain_details`, `type_of_complaint`, `complainant_age`, `complainant_address`, `location_of_incident`, `barangay_action`, `complainant_signature`, `complainee_signature`, `status`, `created_at`, `updated_at`) VALUES (NULL, \'Johhny\', \'Jane\', NULL, \'2025-05-13\', \'Noisy Construction\', \'Midnight land development\', \'blotter\', \'29\', \'Lipata Street\', \'Lipata Street\', \'Discuss\', \'1747094989_c96fa8349d51556f494c.png\', \'1747094989_b81fd539678df548d4d2.png\', 0, \'2025-05-13 08:09:49\', \'2025-05-13 08:09:49\')')
 4 SYSTEMPATH\Database\BaseBuilder.php(2345): CodeIgniter\Database\BaseConnection->query('INSERT INTO `tbl_complaint` (`complainant_id`, `complainant_name`, `complain_against`, `complain_against_id`, `date`, `complain_title`, `complain_details`, `type_of_complaint`, `complainant_age`, `complainant_address`, `location_of_incident`, `barangay_action`, `complainant_signature`, `complainee_signature`, `status`, `created_at`, `updated_at`) VALUES (:complainant_id:, :complainant_name:, :complain_against:, :complain_against_id:, :date:, :complain_title:, :complain_details:, :type_of_complaint:, :complainant_age:, :complainant_address:, :location_of_incident:, :barangay_action:, :complainant_signature:, :complainee_signature:, :status:, :created_at:, :updated_at:)', [...], false)
 5 SYSTEMPATH\Model.php(394): CodeIgniter\Database\BaseBuilder->insert()
 6 SYSTEMPATH\BaseModel.php(839): CodeIgniter\Model->doInsert([...])
 7 SYSTEMPATH\Model.php(800): CodeIgniter\BaseModel->insert([...], false)
 8 SYSTEMPATH\BaseModel.php(750): CodeIgniter\Model->insert([...], false)
 9 APPPATH\Controllers\AdminController.php(1815): CodeIgniter\BaseModel->save([...])
10 SYSTEMPATH\CodeIgniter.php(933): App\Controllers\AdminController->createComplaint()
11 SYSTEMPATH\CodeIgniter.php(507): CodeIgniter\CodeIgniter->runController(Object(App\Controllers\AdminController))
12 SYSTEMPATH\CodeIgniter.php(354): CodeIgniter\CodeIgniter->handleRequest(null, Object(Config\Cache), false)
13 SYSTEMPATH\Boot.php(334): CodeIgniter\CodeIgniter->run()
14 SYSTEMPATH\Boot.php(67): CodeIgniter\Boot::runCodeIgniter(Object(CodeIgniter\CodeIgniter))
15 FCPATH\index.php(56): CodeIgniter\Boot::bootWeb(Object(Config\Paths))
16 SYSTEMPATH\rewrite.php(44): require_once('C:\\barangayInformationSystem\\public\\index.php')
ERROR - 2025-05-13 08:09:58 --> mysqli_sql_exception: Unknown column 'complainant_signature' in 'field list' in C:\barangayInformationSystem\system\Database\MySQLi\Connection.php:327
Stack trace:
#0 C:\barangayInformationSystem\system\Database\MySQLi\Connection.php(327): mysqli->query('INSERT INTO `tb...', 0)
#1 C:\barangayInformationSystem\system\Database\BaseConnection.php(738): CodeIgniter\Database\MySQLi\Connection->execute('INSERT INTO `tb...')
#2 C:\barangayInformationSystem\system\Database\BaseConnection.php(652): CodeIgniter\Database\BaseConnection->simpleQuery('INSERT INTO `tb...')
#3 C:\barangayInformationSystem\system\Database\BaseBuilder.php(2345): CodeIgniter\Database\BaseConnection->query('INSERT INTO `tb...', Array, false)
#4 C:\barangayInformationSystem\system\Model.php(394): CodeIgniter\Database\BaseBuilder->insert()
#5 C:\barangayInformationSystem\system\BaseModel.php(839): CodeIgniter\Model->doInsert(Array)
#6 C:\barangayInformationSystem\system\Model.php(800): CodeIgniter\BaseModel->insert(Array, false)
#7 C:\barangayInformationSystem\system\BaseModel.php(750): CodeIgniter\Model->insert(Array, false)
#8 C:\barangayInformationSystem\app\Controllers\AdminController.php(1815): CodeIgniter\BaseModel->save(Array)
#9 C:\barangayInformationSystem\system\CodeIgniter.php(933): App\Controllers\AdminController->createComplaint()
#10 C:\barangayInformationSystem\system\CodeIgniter.php(507): CodeIgniter\CodeIgniter->runController(Object(App\Controllers\AdminController))
#11 C:\barangayInformationSystem\system\CodeIgniter.php(354): CodeIgniter\CodeIgniter->handleRequest(NULL, Object(Config\Cache), false)
#12 C:\barangayInformationSystem\system\Boot.php(334): CodeIgniter\CodeIgniter->run()
#13 C:\barangayInformationSystem\system\Boot.php(67): CodeIgniter\Boot::runCodeIgniter(Object(CodeIgniter\CodeIgniter))
#14 C:\barangayInformationSystem\public\index.php(56): CodeIgniter\Boot::bootWeb(Object(Config\Paths))
#15 C:\barangayInformationSystem\system\rewrite.php(44): require_once('C:\\barangayInfo...')
#16 {main}
CRITICAL - 2025-05-13 08:09:58 --> CodeIgniter\Database\Exceptions\DatabaseException: Unknown column 'complainant_signature' in 'field list'
[Method: POST, Route: admin/create-complaint]
in SYSTEMPATH\Database\BaseConnection.php on line 692.
 1 SYSTEMPATH\Database\BaseBuilder.php(2345): CodeIgniter\Database\BaseConnection->query('INSERT INTO `tbl_complaint` (`complainant_id`, `complainant_name`, `complain_against`, `complain_against_id`, `date`, `complain_title`, `complain_details`, `type_of_complaint`, `complainant_age`, `complainant_address`, `location_of_incident`, `barangay_action`, `complainant_signature`, `complainee_signature`, `status`, `created_at`, `updated_at`) VALUES (:complainant_id:, :complainant_name:, :complain_against:, :complain_against_id:, :date:, :complain_title:, :complain_details:, :type_of_complaint:, :complainant_age:, :complainant_address:, :location_of_incident:, :barangay_action:, :complainant_signature:, :complainee_signature:, :status:, :created_at:, :updated_at:)', [...], false)
 2 SYSTEMPATH\Model.php(394): CodeIgniter\Database\BaseBuilder->insert()
 3 SYSTEMPATH\BaseModel.php(839): CodeIgniter\Model->doInsert([...])
 4 SYSTEMPATH\Model.php(800): CodeIgniter\BaseModel->insert([...], false)
 5 SYSTEMPATH\BaseModel.php(750): CodeIgniter\Model->insert([...], false)
 6 APPPATH\Controllers\AdminController.php(1815): CodeIgniter\BaseModel->save([...])
 7 SYSTEMPATH\CodeIgniter.php(933): App\Controllers\AdminController->createComplaint()
 8 SYSTEMPATH\CodeIgniter.php(507): CodeIgniter\CodeIgniter->runController(Object(App\Controllers\AdminController))
 9 SYSTEMPATH\CodeIgniter.php(354): CodeIgniter\CodeIgniter->handleRequest(null, Object(Config\Cache), false)
10 SYSTEMPATH\Boot.php(334): CodeIgniter\CodeIgniter->run()
11 SYSTEMPATH\Boot.php(67): CodeIgniter\Boot::runCodeIgniter(Object(CodeIgniter\CodeIgniter))
12 FCPATH\index.php(56): CodeIgniter\Boot::bootWeb(Object(Config\Paths))
13 SYSTEMPATH\rewrite.php(44): require_once('C:\\barangayInformationSystem\\public\\index.php')
CRITICAL - 2025-05-13 08:09:58 --> [Caused by] CodeIgniter\Database\Exceptions\DatabaseException: Unknown column 'complainant_signature' in 'field list'
in SYSTEMPATH\Database\MySQLi\Connection.php on line 332.
 1 SYSTEMPATH\Database\BaseConnection.php(738): CodeIgniter\Database\MySQLi\Connection->execute('INSERT INTO `tbl_complaint` (`complainant_id`, `complainant_name`, `complain_against`, `complain_against_id`, `date`, `complain_title`, `complain_details`, `type_of_complaint`, `complainant_age`, `complainant_address`, `location_of_incident`, `barangay_action`, `complainant_signature`, `complainee_signature`, `status`, `created_at`, `updated_at`) VALUES (NULL, \'\', \'\', NULL, \'\', \'\', \'\', \'\', \'\', \'\', \'\', \'\', NULL, NULL, 0, \'2025-05-13 08:09:58\', \'2025-05-13 08:09:58\')')
 2 SYSTEMPATH\Database\BaseConnection.php(652): CodeIgniter\Database\BaseConnection->simpleQuery('INSERT INTO `tbl_complaint` (`complainant_id`, `complainant_name`, `complain_against`, `complain_against_id`, `date`, `complain_title`, `complain_details`, `type_of_complaint`, `complainant_age`, `complainant_address`, `location_of_incident`, `barangay_action`, `complainant_signature`, `complainee_signature`, `status`, `created_at`, `updated_at`) VALUES (NULL, \'\', \'\', NULL, \'\', \'\', \'\', \'\', \'\', \'\', \'\', \'\', NULL, NULL, 0, \'2025-05-13 08:09:58\', \'2025-05-13 08:09:58\')')
 3 SYSTEMPATH\Database\BaseBuilder.php(2345): CodeIgniter\Database\BaseConnection->query('INSERT INTO `tbl_complaint` (`complainant_id`, `complainant_name`, `complain_against`, `complain_against_id`, `date`, `complain_title`, `complain_details`, `type_of_complaint`, `complainant_age`, `complainant_address`, `location_of_incident`, `barangay_action`, `complainant_signature`, `complainee_signature`, `status`, `created_at`, `updated_at`) VALUES (:complainant_id:, :complainant_name:, :complain_against:, :complain_against_id:, :date:, :complain_title:, :complain_details:, :type_of_complaint:, :complainant_age:, :complainant_address:, :location_of_incident:, :barangay_action:, :complainant_signature:, :complainee_signature:, :status:, :created_at:, :updated_at:)', [...], false)
 4 SYSTEMPATH\Model.php(394): CodeIgniter\Database\BaseBuilder->insert()
 5 SYSTEMPATH\BaseModel.php(839): CodeIgniter\Model->doInsert([...])
 6 SYSTEMPATH\Model.php(800): CodeIgniter\BaseModel->insert([...], false)
 7 SYSTEMPATH\BaseModel.php(750): CodeIgniter\Model->insert([...], false)
 8 APPPATH\Controllers\AdminController.php(1815): CodeIgniter\BaseModel->save([...])
 9 SYSTEMPATH\CodeIgniter.php(933): App\Controllers\AdminController->createComplaint()
10 SYSTEMPATH\CodeIgniter.php(507): CodeIgniter\CodeIgniter->runController(Object(App\Controllers\AdminController))
11 SYSTEMPATH\CodeIgniter.php(354): CodeIgniter\CodeIgniter->handleRequest(null, Object(Config\Cache), false)
12 SYSTEMPATH\Boot.php(334): CodeIgniter\CodeIgniter->run()
13 SYSTEMPATH\Boot.php(67): CodeIgniter\Boot::runCodeIgniter(Object(CodeIgniter\CodeIgniter))
14 FCPATH\index.php(56): CodeIgniter\Boot::bootWeb(Object(Config\Paths))
15 SYSTEMPATH\rewrite.php(44): require_once('C:\\barangayInformationSystem\\public\\index.php')
CRITICAL - 2025-05-13 08:09:58 --> [Caused by] mysqli_sql_exception: Unknown column 'complainant_signature' in 'field list'
in SYSTEMPATH\Database\MySQLi\Connection.php on line 327.
 1 SYSTEMPATH\Database\MySQLi\Connection.php(327): mysqli->query('INSERT INTO `tbl_complaint` (`complainant_id`, `complainant_name`, `complain_against`, `complain_against_id`, `date`, `complain_title`, `complain_details`, `type_of_complaint`, `complainant_age`, `complainant_address`, `location_of_incident`, `barangay_action`, `complainant_signature`, `complainee_signature`, `status`, `created_at`, `updated_at`) VALUES (NULL, \'\', \'\', NULL, \'\', \'\', \'\', \'\', \'\', \'\', \'\', \'\', NULL, NULL, 0, \'2025-05-13 08:09:58\', \'2025-05-13 08:09:58\')', 0)
 2 SYSTEMPATH\Database\BaseConnection.php(738): CodeIgniter\Database\MySQLi\Connection->execute('INSERT INTO `tbl_complaint` (`complainant_id`, `complainant_name`, `complain_against`, `complain_against_id`, `date`, `complain_title`, `complain_details`, `type_of_complaint`, `complainant_age`, `complainant_address`, `location_of_incident`, `barangay_action`, `complainant_signature`, `complainee_signature`, `status`, `created_at`, `updated_at`) VALUES (NULL, \'\', \'\', NULL, \'\', \'\', \'\', \'\', \'\', \'\', \'\', \'\', NULL, NULL, 0, \'2025-05-13 08:09:58\', \'2025-05-13 08:09:58\')')
 3 SYSTEMPATH\Database\BaseConnection.php(652): CodeIgniter\Database\BaseConnection->simpleQuery('INSERT INTO `tbl_complaint` (`complainant_id`, `complainant_name`, `complain_against`, `complain_against_id`, `date`, `complain_title`, `complain_details`, `type_of_complaint`, `complainant_age`, `complainant_address`, `location_of_incident`, `barangay_action`, `complainant_signature`, `complainee_signature`, `status`, `created_at`, `updated_at`) VALUES (NULL, \'\', \'\', NULL, \'\', \'\', \'\', \'\', \'\', \'\', \'\', \'\', NULL, NULL, 0, \'2025-05-13 08:09:58\', \'2025-05-13 08:09:58\')')
 4 SYSTEMPATH\Database\BaseBuilder.php(2345): CodeIgniter\Database\BaseConnection->query('INSERT INTO `tbl_complaint` (`complainant_id`, `complainant_name`, `complain_against`, `complain_against_id`, `date`, `complain_title`, `complain_details`, `type_of_complaint`, `complainant_age`, `complainant_address`, `location_of_incident`, `barangay_action`, `complainant_signature`, `complainee_signature`, `status`, `created_at`, `updated_at`) VALUES (:complainant_id:, :complainant_name:, :complain_against:, :complain_against_id:, :date:, :complain_title:, :complain_details:, :type_of_complaint:, :complainant_age:, :complainant_address:, :location_of_incident:, :barangay_action:, :complainant_signature:, :complainee_signature:, :status:, :created_at:, :updated_at:)', [...], false)
 5 SYSTEMPATH\Model.php(394): CodeIgniter\Database\BaseBuilder->insert()
 6 SYSTEMPATH\BaseModel.php(839): CodeIgniter\Model->doInsert([...])
 7 SYSTEMPATH\Model.php(800): CodeIgniter\BaseModel->insert([...], false)
 8 SYSTEMPATH\BaseModel.php(750): CodeIgniter\Model->insert([...], false)
 9 APPPATH\Controllers\AdminController.php(1815): CodeIgniter\BaseModel->save([...])
10 SYSTEMPATH\CodeIgniter.php(933): App\Controllers\AdminController->createComplaint()
11 SYSTEMPATH\CodeIgniter.php(507): CodeIgniter\CodeIgniter->runController(Object(App\Controllers\AdminController))
12 SYSTEMPATH\CodeIgniter.php(354): CodeIgniter\CodeIgniter->handleRequest(null, Object(Config\Cache), false)
13 SYSTEMPATH\Boot.php(334): CodeIgniter\CodeIgniter->run()
14 SYSTEMPATH\Boot.php(67): CodeIgniter\Boot::runCodeIgniter(Object(CodeIgniter\CodeIgniter))
15 FCPATH\index.php(56): CodeIgniter\Boot::bootWeb(Object(Config\Paths))
16 SYSTEMPATH\rewrite.php(44): require_once('C:\\barangayInformationSystem\\public\\index.php')
DEBUG - 2025-05-13 08:11:04 --> Session: Class initialized using 'CodeIgniter\Session\Handlers\FileHandler' driver.
DEBUG - 2025-05-13 08:12:06 --> Session: Class initialized using 'CodeIgniter\Session\Handlers\FileHandler' driver.
DEBUG - 2025-05-13 08:12:12 --> Session: Class initialized using 'CodeIgniter\Session\Handlers\FileHandler' driver.
